"filename", "language", "PHP", "CSS", "JSON", "JavaScript", "SCSS", "Markdown", "XML", "comment", "blank", "total"
"c:\Users\pvmat\Local Sites\nddbase\app\public\wp-content\index.php", "PHP", 1, 0, 0, 0, 0, 0, 0, 1, 1, 3
"c:\Users\pvmat\Local Sites\nddbase\app\public\wp-content\mu-plugins\.VSCodeCounter\2021-10-06_18-35-52\details.md", "Markdown", 0, 0, 0, 0, 0, 10, 0, 0, 6, 16
"c:\Users\pvmat\Local Sites\nddbase\app\public\wp-content\mu-plugins\.VSCodeCounter\2021-10-06_18-35-52\results.md", "Markdown", 0, 0, 0, 0, 0, 14, 0, 0, 7, 21
"c:\Users\pvmat\Local Sites\nddbase\app\public\wp-content\mu-plugins\ndd_post_types.php", "PHP", 49, 0, 0, 0, 0, 0, 0, 2, 3, 54
"c:\Users\pvmat\Local Sites\nddbase\app\public\wp-content\plugins\advanced-custom-fields\README.md", "Markdown", 0, 0, 0, 0, 0, 14, 0, 0, 11, 25
"c:\Users\pvmat\Local Sites\nddbase\app\public\wp-content\plugins\advanced-custom-fields\acf.php", "PHP", 336, 0, 0, 0, 0, 0, 0, 269, 63, 668
"c:\Users\pvmat\Local Sites\nddbase\app\public\wp-content\plugins\advanced-custom-fields\assets\build\css\acf-dark.css", "CSS", 0, 260, 0, 0, 0, 0, 0, 28, 28, 316
"c:\Users\pvmat\Local Sites\nddbase\app\public\wp-content\plugins\advanced-custom-fields\assets\build\css\acf-dark.min.css", "CSS", 0, 1, 0, 0, 0, 0, 0, 0, 0, 1
"c:\Users\pvmat\Local Sites\nddbase\app\public\wp-content\plugins\advanced-custom-fields\assets\build\css\acf-field-group.css", "CSS", 0, 343, 0, 0, 0, 0, 0, 112, 26, 481
"c:\Users\pvmat\Local Sites\nddbase\app\public\wp-content\plugins\advanced-custom-fields\assets\build\css\acf-field-group.min.css", "CSS", 0, 1, 0, 0, 0, 0, 0, 0, 0, 1
"c:\Users\pvmat\Local Sites\nddbase\app\public\wp-content\plugins\advanced-custom-fields\assets\build\css\acf-global.css", "CSS", 0, 1396, 0, 0, 0, 0, 0, 162, 104, 1662
"c:\Users\pvmat\Local Sites\nddbase\app\public\wp-content\plugins\advanced-custom-fields\assets\build\css\acf-global.min.css", "CSS", 0, 1, 0, 0, 0, 0, 0, 0, 0, 1
"c:\Users\pvmat\Local Sites\nddbase\app\public\wp-content\plugins\advanced-custom-fields\assets\build\css\acf-input.css", "CSS", 0, 2446, 0, 0, 0, 0, 0, 363, 123, 2932
"c:\Users\pvmat\Local Sites\nddbase\app\public\wp-content\plugins\advanced-custom-fields\assets\build\css\acf-input.min.css", "CSS", 0, 1, 0, 0, 0, 0, 0, 0, 0, 1
"c:\Users\pvmat\Local Sites\nddbase\app\public\wp-content\plugins\advanced-custom-fields\assets\build\js\acf-field-group.js", "JavaScript", 0, 0, 0, 1371, 0, 0, 0, 627, 583, 2581
"c:\Users\pvmat\Local Sites\nddbase\app\public\wp-content\plugins\advanced-custom-fields\assets\build\js\acf-field-group.min.js", "JavaScript", 0, 0, 0, 1, 0, 0, 0, 0, 0, 1
"c:\Users\pvmat\Local Sites\nddbase\app\public\wp-content\plugins\advanced-custom-fields\assets\build\js\acf-input.js", "JavaScript", 0, 0, 0, 5728, 0, 0, 0, 2925, 2251, 10904
"c:\Users\pvmat\Local Sites\nddbase\app\public\wp-content\plugins\advanced-custom-fields\assets\build\js\acf-input.min.js", "JavaScript", 0, 0, 0, 1, 0, 0, 0, 0, 0, 1
"c:\Users\pvmat\Local Sites\nddbase\app\public\wp-content\plugins\advanced-custom-fields\assets\build\js\acf.js", "JavaScript", 0, 0, 0, 1959, 0, 0, 0, 1798, 692, 4449
"c:\Users\pvmat\Local Sites\nddbase\app\public\wp-content\plugins\advanced-custom-fields\assets\build\js\acf.min.js", "JavaScript", 0, 0, 0, 1, 0, 0, 0, 0, 0, 1
"c:\Users\pvmat\Local Sites\nddbase\app\public\wp-content\plugins\advanced-custom-fields\assets\images\icon-upgrade-pro.svg", "XML", 0, 0, 0, 0, 0, 0, 6, 0, 1, 7
"c:\Users\pvmat\Local Sites\nddbase\app\public\wp-content\plugins\advanced-custom-fields\assets\inc\color-picker-alpha\wp-color-picker-alpha.js", "JavaScript", 0, 0, 0, 349, 0, 0, 0, 225, 61, 635
"c:\Users\pvmat\Local Sites\nddbase\app\public\wp-content\plugins\advanced-custom-fields\assets\inc\color-picker-alpha\wp-color-picker-alpha.min.js", "JavaScript", 0, 0, 0, 1, 0, 0, 0, 10, 0, 11
"c:\Users\pvmat\Local Sites\nddbase\app\public\wp-content\plugins\advanced-custom-fields\assets\inc\datepicker\jquery-ui.css", "CSS", 0, 596, 0, 0, 0, 0, 0, 32, 23, 651
"c:\Users\pvmat\Local Sites\nddbase\app\public\wp-content\plugins\advanced-custom-fields\assets\inc\datepicker\jquery-ui.min.css", "CSS", 0, 1, 0, 0, 0, 0, 0, 5, 1, 7
"c:\Users\pvmat\Local Sites\nddbase\app\public\wp-content\plugins\advanced-custom-fields\assets\inc\select2\3\select2.css", "CSS", 0, 561, 0, 0, 0, 0, 0, 19, 125, 705
"c:\Users\pvmat\Local Sites\nddbase\app\public\wp-content\plugins\advanced-custom-fields\assets\inc\select2\3\select2.js", "JavaScript", 0, 0, 0, 2595, 0, 0, 0, 392, 555, 3542
"c:\Users\pvmat\Local Sites\nddbase\app\public\wp-content\plugins\advanced-custom-fields\assets\inc\select2\3\select2.min.js", "JavaScript", 0, 0, 0, 3, 0, 0, 0, 20, 0, 23
"c:\Users\pvmat\Local Sites\nddbase\app\public\wp-content\plugins\advanced-custom-fields\assets\inc\select2\4\select2.css", "CSS", 0, 425, 0, 0, 0, 0, 0, 0, 57, 482
"c:\Users\pvmat\Local Sites\nddbase\app\public\wp-content\plugins\advanced-custom-fields\assets\inc\select2\4\select2.full.js", "JavaScript", 0, 0, 0, 5096, 0, 0, 0, 384, 1333, 6813
"c:\Users\pvmat\Local Sites\nddbase\app\public\wp-content\plugins\advanced-custom-fields\assets\inc\select2\4\select2.full.min.js", "JavaScript", 0, 0, 0, 1, 0, 0, 0, 0, 0, 1
"c:\Users\pvmat\Local Sites\nddbase\app\public\wp-content\plugins\advanced-custom-fields\assets\inc\select2\4\select2.js", "JavaScript", 0, 0, 0, 4591, 0, 0, 0, 332, 1186, 6109
"c:\Users\pvmat\Local Sites\nddbase\app\public\wp-content\plugins\advanced-custom-fields\assets\inc\select2\4\select2.min.css", "CSS", 0, 1, 0, 0, 0, 0, 0, 0, 1, 2
"c:\Users\pvmat\Local Sites\nddbase\app\public\wp-content\plugins\advanced-custom-fields\assets\inc\select2\4\select2.min.js", "JavaScript", 0, 0, 0, 1, 0, 0, 0, 1, 0, 2
"c:\Users\pvmat\Local Sites\nddbase\app\public\wp-content\plugins\advanced-custom-fields\assets\inc\timepicker\jquery-ui-timepicker-addon.css", "CSS", 0, 26, 0, 0, 0, 0, 0, 1, 3, 30
"c:\Users\pvmat\Local Sites\nddbase\app\public\wp-content\plugins\advanced-custom-fields\assets\inc\timepicker\jquery-ui-timepicker-addon.js", "JavaScript", 0, 0, 0, 1777, 0, 0, 0, 308, 211, 2296
"c:\Users\pvmat\Local Sites\nddbase\app\public\wp-content\plugins\advanced-custom-fields\assets\inc\timepicker\jquery-ui-timepicker-addon.min.css", "CSS", 0, 1, 0, 0, 0, 0, 0, 3, 1, 5
"c:\Users\pvmat\Local Sites\nddbase\app\public\wp-content\plugins\advanced-custom-fields\assets\inc\timepicker\jquery-ui-timepicker-addon.min.js", "JavaScript", 0, 0, 0, 2, 0, 0, 0, 0, 0, 2
"c:\Users\pvmat\Local Sites\nddbase\app\public\wp-content\plugins\advanced-custom-fields\includes\acf-field-functions.php", "PHP", 555, 0, 0, 0, 0, 0, 0, 805, 236, 1596
"c:\Users\pvmat\Local Sites\nddbase\app\public\wp-content\plugins\advanced-custom-fields\includes\acf-field-group-functions.php", "PHP", 414, 0, 0, 0, 0, 0, 0, 527, 169, 1110
"c:\Users\pvmat\Local Sites\nddbase\app\public\wp-content\plugins\advanced-custom-fields\includes\acf-form-functions.php", "PHP", 58, 0, 0, 0, 0, 0, 0, 84, 27, 169
"c:\Users\pvmat\Local Sites\nddbase\app\public\wp-content\plugins\advanced-custom-fields\includes\acf-helper-functions.php", "PHP", 123, 0, 0, 0, 0, 0, 0, 302, 46, 471
"c:\Users\pvmat\Local Sites\nddbase\app\public\wp-content\plugins\advanced-custom-fields\includes\acf-hook-functions.php", "PHP", 85, 0, 0, 0, 0, 0, 0, 109, 37, 231
"c:\Users\pvmat\Local Sites\nddbase\app\public\wp-content\plugins\advanced-custom-fields\includes\acf-input-functions.php", "PHP", 154, 0, 0, 0, 0, 0, 0, 298, 46, 498
"c:\Users\pvmat\Local Sites\nddbase\app\public\wp-content\plugins\advanced-custom-fields\includes\acf-meta-functions.php", "PHP", 142, 0, 0, 0, 0, 0, 0, 185, 56, 383
"c:\Users\pvmat\Local Sites\nddbase\app\public\wp-content\plugins\advanced-custom-fields\includes\acf-post-functions.php", "PHP", 20, 0, 0, 0, 0, 0, 0, 14, 7, 41
"c:\Users\pvmat\Local Sites\nddbase\app\public\wp-content\plugins\advanced-custom-fields\includes\acf-user-functions.php", "PHP", 39, 0, 0, 0, 0, 0, 0, 63, 18, 120
"c:\Users\pvmat\Local Sites\nddbase\app\public\wp-content\plugins\advanced-custom-fields\includes\acf-utility-functions.php", "PHP", 47, 0, 0, 0, 0, 0, 0, 97, 15, 159
"c:\Users\pvmat\Local Sites\nddbase\app\public\wp-content\plugins\advanced-custom-fields\includes\acf-value-functions.php", "PHP", 84, 0, 0, 0, 0, 0, 0, 192, 49, 325
"c:\Users\pvmat\Local Sites\nddbase\app\public\wp-content\plugins\advanced-custom-fields\includes\acf-wp-functions.php", "PHP", 158, 0, 0, 0, 0, 0, 0, 48, 13, 219
"c:\Users\pvmat\Local Sites\nddbase\app\public\wp-content\plugins\advanced-custom-fields\includes\admin\admin-field-group.php", "PHP", 312, 0, 0, 0, 0, 0, 0, 330, 179, 821
"c:\Users\pvmat\Local Sites\nddbase\app\public\wp-content\plugins\advanced-custom-fields\includes\admin\admin-field-groups.php", "PHP", 467, 0, 0, 0, 0, 0, 0, 317, 102, 886
"c:\Users\pvmat\Local Sites\nddbase\app\public\wp-content\plugins\advanced-custom-fields\includes\admin\admin-notices.php", "PHP", 47, 0, 0, 0, 0, 0, 0, 73, 21, 141
"c:\Users\pvmat\Local Sites\nddbase\app\public\wp-content\plugins\advanced-custom-fields\includes\admin\admin-tools.php", "PHP", 85, 0, 0, 0, 0, 0, 0, 170, 93, 348
"c:\Users\pvmat\Local Sites\nddbase\app\public\wp-content\plugins\advanced-custom-fields\includes\admin\admin-upgrade.php", "PHP", 82, 0, 0, 0, 0, 0, 0, 125, 40, 247
"c:\Users\pvmat\Local Sites\nddbase\app\public\wp-content\plugins\advanced-custom-fields\includes\admin\admin.php", "PHP", 100, 0, 0, 0, 0, 0, 0, 85, 25, 210
"c:\Users\pvmat\Local Sites\nddbase\app\public\wp-content\plugins\advanced-custom-fields\includes\admin\tools\class-acf-admin-tool-export.php", "PHP", 218, 0, 0, 0, 0, 0, 0, 219, 144, 581
"c:\Users\pvmat\Local Sites\nddbase\app\public\wp-content\plugins\advanced-custom-fields\includes\admin\tools\class-acf-admin-tool-import.php", "PHP", 73, 0, 0, 0, 0, 0, 0, 51, 38, 162
"c:\Users\pvmat\Local Sites\nddbase\app\public\wp-content\plugins\advanced-custom-fields\includes\admin\tools\class-acf-admin-tool.php", "PHP", 33, 0, 0, 0, 0, 0, 0, 109, 53, 195
"c:\Users\pvmat\Local Sites\nddbase\app\public\wp-content\plugins\advanced-custom-fields\includes\admin\views\field-group-field-conditional-logic.php", "PHP", 133, 0, 0, 0, 0, 0, 0, 12, 33, 178
"c:\Users\pvmat\Local Sites\nddbase\app\public\wp-content\plugins\advanced-custom-fields\includes\admin\views\field-group-field.php", "PHP", 182, 0, 0, 0, 0, 0, 0, 13, 30, 225
"c:\Users\pvmat\Local Sites\nddbase\app\public\wp-content\plugins\advanced-custom-fields\includes\admin\views\field-group-fields.php", "PHP", 61, 0, 0, 0, 0, 0, 0, 1, 15, 77
"c:\Users\pvmat\Local Sites\nddbase\app\public\wp-content\plugins\advanced-custom-fields\includes\admin\views\field-group-locations.php", "PHP", 37, 0, 0, 0, 0, 0, 0, 3, 13, 53
"c:\Users\pvmat\Local Sites\nddbase\app\public\wp-content\plugins\advanced-custom-fields\includes\admin\views\field-group-options.php", "PHP", 136, 0, 0, 0, 0, 0, 0, 12, 24, 172
"c:\Users\pvmat\Local Sites\nddbase\app\public\wp-content\plugins\advanced-custom-fields\includes\admin\views\html-admin-navigation.php", "PHP", 55, 0, 0, 0, 0, 0, 0, 23, 16, 94
"c:\Users\pvmat\Local Sites\nddbase\app\public\wp-content\plugins\advanced-custom-fields\includes\admin\views\html-admin-page-upgrade-network.php", "PHP", 139, 0, 0, 0, 0, 0, 0, 26, 32, 197
"c:\Users\pvmat\Local Sites\nddbase\app\public\wp-content\plugins\advanced-custom-fields\includes\admin\views\html-admin-page-upgrade.php", "PHP", 60, 0, 0, 0, 0, 0, 0, 17, 21, 98
"c:\Users\pvmat\Local Sites\nddbase\app\public\wp-content\plugins\advanced-custom-fields\includes\admin\views\html-admin-tools.php", "PHP", 12, 0, 0, 0, 0, 0, 0, 12, 7, 31
"c:\Users\pvmat\Local Sites\nddbase\app\public\wp-content\plugins\advanced-custom-fields\includes\admin\views\html-location-group.php", "PHP", 20, 0, 0, 0, 0, 0, 0, 3, 8, 31
"c:\Users\pvmat\Local Sites\nddbase\app\public\wp-content\plugins\advanced-custom-fields\includes\admin\views\html-location-rule.php", "PHP", 64, 0, 0, 0, 0, 0, 0, 9, 25, 98
"c:\Users\pvmat\Local Sites\nddbase\app\public\wp-content\plugins\advanced-custom-fields\includes\admin\views\html-notice-upgrade.php", "PHP", 39, 0, 0, 0, 0, 0, 0, 1, 11, 51
"c:\Users\pvmat\Local Sites\nddbase\app\public\wp-content\plugins\advanced-custom-fields\includes\ajax\class-acf-ajax-check-screen.php", "PHP", 53, 0, 0, 0, 0, 0, 0, 26, 25, 104
"c:\Users\pvmat\Local Sites\nddbase\app\public\wp-content\plugins\advanced-custom-fields\includes\ajax\class-acf-ajax-local-json-diff.php", "PHP", 51, 0, 0, 0, 0, 0, 0, 18, 14, 83
"c:\Users\pvmat\Local Sites\nddbase\app\public\wp-content\plugins\advanced-custom-fields\includes\ajax\class-acf-ajax-query-users.php", "PHP", 96, 0, 0, 0, 0, 0, 0, 140, 40, 276
"c:\Users\pvmat\Local Sites\nddbase\app\public\wp-content\plugins\advanced-custom-fields\includes\ajax\class-acf-ajax-query.php", "PHP", 58, 0, 0, 0, 0, 0, 0, 70, 25, 153
"c:\Users\pvmat\Local Sites\nddbase\app\public\wp-content\plugins\advanced-custom-fields\includes\ajax\class-acf-ajax-upgrade.php", "PHP", 25, 0, 0, 0, 0, 0, 0, 18, 14, 57
"c:\Users\pvmat\Local Sites\nddbase\app\public\wp-content\plugins\advanced-custom-fields\includes\ajax\class-acf-ajax-user-setting.php", "PHP", 18, 0, 0, 0, 0, 0, 0, 15, 11, 44
"c:\Users\pvmat\Local Sites\nddbase\app\public\wp-content\plugins\advanced-custom-fields\includes\ajax\class-acf-ajax.php", "PHP", 73, 0, 0, 0, 0, 0, 0, 129, 31, 233
"c:\Users\pvmat\Local Sites\nddbase\app\public\wp-content\plugins\advanced-custom-fields\includes\api\api-helpers.php", "PHP", 1573, 0, 0, 0, 0, 0, 0, 1893, 1132, 4598
"c:\Users\pvmat\Local Sites\nddbase\app\public\wp-content\plugins\advanced-custom-fields\includes\api\api-template.php", "PHP", 483, 0, 0, 0, 0, 0, 0, 585, 367, 1435
"c:\Users\pvmat\Local Sites\nddbase\app\public\wp-content\plugins\advanced-custom-fields\includes\api\api-term.php", "PHP", 203, 0, 0, 0, 0, 0, 0, 235, 85, 523
"c:\Users\pvmat\Local Sites\nddbase\app\public\wp-content\plugins\advanced-custom-fields\includes\assets.php", "PHP", 239, 0, 0, 0, 0, 0, 0, 309, 67, 615
"c:\Users\pvmat\Local Sites\nddbase\app\public\wp-content\plugins\advanced-custom-fields\includes\class-acf-data.php", "PHP", 102, 0, 0, 0, 0, 0, 0, 207, 48, 357
"c:\Users\pvmat\Local Sites\nddbase\app\public\wp-content\plugins\advanced-custom-fields\includes\compatibility.php", "PHP", 186, 0, 0, 0, 0, 0, 0, 227, 76, 489
"c:\Users\pvmat\Local Sites\nddbase\app\public\wp-content\plugins\advanced-custom-fields\includes\deprecated.php", "PHP", 45, 0, 0, 0, 0, 0, 0, 89, 21, 155
"c:\Users\pvmat\Local Sites\nddbase\app\public\wp-content\plugins\advanced-custom-fields\includes\fields.php", "PHP", 98, 0, 0, 0, 0, 0, 0, 210, 73, 381
"c:\Users\pvmat\Local Sites\nddbase\app\public\wp-content\plugins\advanced-custom-fields\includes\fields\class-acf-field-accordion.php", "PHP", 66, 0, 0, 0, 0, 0, 0, 73, 36, 175
"c:\Users\pvmat\Local Sites\nddbase\app\public\wp-content\plugins\advanced-custom-fields\includes\fields\class-acf-field-button-group.php", "PHP", 133, 0, 0, 0, 0, 0, 0, 103, 64, 300
"c:\Users\pvmat\Local Sites\nddbase\app\public\wp-content\plugins\advanced-custom-fields\includes\fields\class-acf-field-checkbox.php", "PHP", 258, 0, 0, 0, 0, 0, 0, 196, 122, 576
"c:\Users\pvmat\Local Sites\nddbase\app\public\wp-content\plugins\advanced-custom-fields\includes\fields\class-acf-field-color_picker.php", "PHP", 159, 0, 0, 0, 0, 0, 0, 96, 42, 297
"c:\Users\pvmat\Local Sites\nddbase\app\public\wp-content\plugins\advanced-custom-fields\includes\fields\class-acf-field-date_picker.php", "PHP", 148, 0, 0, 0, 0, 0, 0, 87, 52, 287
"c:\Users\pvmat\Local Sites\nddbase\app\public\wp-content\plugins\advanced-custom-fields\includes\fields\class-acf-field-date_time_picker.php", "PHP", 141, 0, 0, 0, 0, 0, 0, 78, 43, 262
"c:\Users\pvmat\Local Sites\nddbase\app\public\wp-content\plugins\advanced-custom-fields\includes\fields\class-acf-field-email.php", "PHP", 88, 0, 0, 0, 0, 0, 0, 61, 41, 190
"c:\Users\pvmat\Local Sites\nddbase\app\public\wp-content\plugins\advanced-custom-fields\includes\fields\class-acf-field-file.php", "PHP", 237, 0, 0, 0, 0, 0, 0, 135, 89, 461
"c:\Users\pvmat\Local Sites\nddbase\app\public\wp-content\plugins\advanced-custom-fields\includes\fields\class-acf-field-google-map.php", "PHP", 166, 0, 0, 0, 0, 0, 0, 95, 52, 313
"c:\Users\pvmat\Local Sites\nddbase\app\public\wp-content\plugins\advanced-custom-fields\includes\fields\class-acf-field-group.php", "PHP", 239, 0, 0, 0, 0, 0, 0, 269, 163, 671
"c:\Users\pvmat\Local Sites\nddbase\app\public\wp-content\plugins\advanced-custom-fields\includes\fields\class-acf-field-image.php", "PHP", 261, 0, 0, 0, 0, 0, 0, 121, 71, 453
"c:\Users\pvmat\Local Sites\nddbase\app\public\wp-content\plugins\advanced-custom-fields\includes\fields\class-acf-field-link.php", "PHP", 110, 0, 0, 0, 0, 0, 0, 114, 68, 292
"c:\Users\pvmat\Local Sites\nddbase\app\public\wp-content\plugins\advanced-custom-fields\includes\fields\class-acf-field-message.php", "PHP", 75, 0, 0, 0, 0, 0, 0, 77, 49, 201
"c:\Users\pvmat\Local Sites\nddbase\app\public\wp-content\plugins\advanced-custom-fields\includes\fields\class-acf-field-number.php", "PHP", 142, 0, 0, 0, 0, 0, 0, 91, 75, 308
"c:\Users\pvmat\Local Sites\nddbase\app\public\wp-content\plugins\advanced-custom-fields\includes\fields\class-acf-field-oembed.php", "PHP", 147, 0, 0, 0, 0, 0, 0, 126, 72, 345
"c:\Users\pvmat\Local Sites\nddbase\app\public\wp-content\plugins\advanced-custom-fields\includes\fields\class-acf-field-output.php", "PHP", 24, 0, 0, 0, 0, 0, 0, 31, 24, 79
"c:\Users\pvmat\Local Sites\nddbase\app\public\wp-content\plugins\advanced-custom-fields\includes\fields\class-acf-field-page_link.php", "PHP", 284, 0, 0, 0, 0, 0, 0, 191, 156, 631
"c:\Users\pvmat\Local Sites\nddbase\app\public\wp-content\plugins\advanced-custom-fields\includes\fields\class-acf-field-password.php", "PHP", 47, 0, 0, 0, 0, 0, 0, 40, 25, 112
"c:\Users\pvmat\Local Sites\nddbase\app\public\wp-content\plugins\advanced-custom-fields\includes\fields\class-acf-field-post_object.php", "PHP", 248, 0, 0, 0, 0, 0, 0, 207, 137, 592
"c:\Users\pvmat\Local Sites\nddbase\app\public\wp-content\plugins\advanced-custom-fields\includes\fields\class-acf-field-radio.php", "PHP", 208, 0, 0, 0, 0, 0, 0, 158, 89, 455
"c:\Users\pvmat\Local Sites\nddbase\app\public\wp-content\plugins\advanced-custom-fields\includes\fields\class-acf-field-range.php", "PHP", 134, 0, 0, 0, 0, 0, 0, 62, 44, 240
"c:\Users\pvmat\Local Sites\nddbase\app\public\wp-content\plugins\advanced-custom-fields\includes\fields\class-acf-field-relationship.php", "PHP", 420, 0, 0, 0, 0, 0, 0, 225, 166, 811
"c:\Users\pvmat\Local Sites\nddbase\app\public\wp-content\plugins\advanced-custom-fields\includes\fields\class-acf-field-select.php", "PHP", 309, 0, 0, 0, 0, 0, 0, 208, 122, 639
"c:\Users\pvmat\Local Sites\nddbase\app\public\wp-content\plugins\advanced-custom-fields\includes\fields\class-acf-field-separator.php", "PHP", 19, 0, 0, 0, 0, 0, 0, 43, 27, 89
"c:\Users\pvmat\Local Sites\nddbase\app\public\wp-content\plugins\advanced-custom-fields\includes\fields\class-acf-field-tab.php", "PHP", 59, 0, 0, 0, 0, 0, 0, 74, 35, 168
"c:\Users\pvmat\Local Sites\nddbase\app\public\wp-content\plugins\advanced-custom-fields\includes\fields\class-acf-field-taxonomy.php", "PHP", 465, 0, 0, 0, 0, 0, 0, 293, 221, 979
"c:\Users\pvmat\Local Sites\nddbase\app\public\wp-content\plugins\advanced-custom-fields\includes\fields\class-acf-field-text.php", "PHP", 89, 0, 0, 0, 0, 0, 0, 62, 32, 183
"c:\Users\pvmat\Local Sites\nddbase\app\public\wp-content\plugins\advanced-custom-fields\includes\fields\class-acf-field-textarea.php", "PHP", 107, 0, 0, 0, 0, 0, 0, 82, 47, 236
"c:\Users\pvmat\Local Sites\nddbase\app\public\wp-content\plugins\advanced-custom-fields\includes\fields\class-acf-field-time_picker.php", "PHP", 87, 0, 0, 0, 0, 0, 0, 58, 33, 178
"c:\Users\pvmat\Local Sites\nddbase\app\public\wp-content\plugins\advanced-custom-fields\includes\fields\class-acf-field-true_false.php", "PHP", 147, 0, 0, 0, 0, 0, 0, 92, 58, 297
"c:\Users\pvmat\Local Sites\nddbase\app\public\wp-content\plugins\advanced-custom-fields\includes\fields\class-acf-field-url.php", "PHP", 66, 0, 0, 0, 0, 0, 0, 61, 45, 172
"c:\Users\pvmat\Local Sites\nddbase\app\public\wp-content\plugins\advanced-custom-fields\includes\fields\class-acf-field-user.php", "PHP", 196, 0, 0, 0, 0, 0, 0, 222, 60, 478
"c:\Users\pvmat\Local Sites\nddbase\app\public\wp-content\plugins\advanced-custom-fields\includes\fields\class-acf-field-wysiwyg.php", "PHP", 231, 0, 0, 0, 0, 0, 0, 130, 89, 450
"c:\Users\pvmat\Local Sites\nddbase\app\public\wp-content\plugins\advanced-custom-fields\includes\fields\class-acf-field.php", "PHP", 84, 0, 0, 0, 0, 0, 0, 130, 62, 276
"c:\Users\pvmat\Local Sites\nddbase\app\public\wp-content\plugins\advanced-custom-fields\includes\forms\form-attachment.php", "PHP", 86, 0, 0, 0, 0, 0, 0, 93, 58, 237
"c:\Users\pvmat\Local Sites\nddbase\app\public\wp-content\plugins\advanced-custom-fields\includes\forms\form-comment.php", "PHP", 123, 0, 0, 0, 0, 0, 0, 130, 90, 343
"c:\Users\pvmat\Local Sites\nddbase\app\public\wp-content\plugins\advanced-custom-fields\includes\forms\form-customizer.php", "PHP", 150, 0, 0, 0, 0, 0, 0, 195, 126, 471
"c:\Users\pvmat\Local Sites\nddbase\app\public\wp-content\plugins\advanced-custom-fields\includes\forms\form-front.php", "PHP", 285, 0, 0, 0, 0, 0, 0, 203, 154, 642
"c:\Users\pvmat\Local Sites\nddbase\app\public\wp-content\plugins\advanced-custom-fields\includes\forms\form-gutenberg.php", "PHP", 59, 0, 0, 0, 0, 0, 0, 95, 30, 184
"c:\Users\pvmat\Local Sites\nddbase\app\public\wp-content\plugins\advanced-custom-fields\includes\forms\form-nav-menu.php", "PHP", 143, 0, 0, 0, 0, 0, 0, 153, 105, 401
"c:\Users\pvmat\Local Sites\nddbase\app\public\wp-content\plugins\advanced-custom-fields\includes\forms\form-post.php", "PHP", 127, 0, 0, 0, 0, 0, 0, 153, 60, 340
"c:\Users\pvmat\Local Sites\nddbase\app\public\wp-content\plugins\advanced-custom-fields\includes\forms\form-taxonomy.php", "PHP", 152, 0, 0, 0, 0, 0, 0, 157, 101, 410
"c:\Users\pvmat\Local Sites\nddbase\app\public\wp-content\plugins\advanced-custom-fields\includes\forms\form-user.php", "PHP", 154, 0, 0, 0, 0, 0, 0, 165, 69, 388
"c:\Users\pvmat\Local Sites\nddbase\app\public\wp-content\plugins\advanced-custom-fields\includes\forms\form-widget.php", "PHP", 126, 0, 0, 0, 0, 0, 0, 127, 80, 333
"c:\Users\pvmat\Local Sites\nddbase\app\public\wp-content\plugins\advanced-custom-fields\includes\l10n.php", "PHP", 52, 0, 0, 0, 0, 0, 0, 83, 19, 154
"c:\Users\pvmat\Local Sites\nddbase\app\public\wp-content\plugins\advanced-custom-fields\includes\legacy\legacy-locations.php", "PHP", 30, 0, 0, 0, 0, 0, 0, 31, 12, 73
"c:\Users\pvmat\Local Sites\nddbase\app\public\wp-content\plugins\advanced-custom-fields\includes\local-fields.php", "PHP", 178, 0, 0, 0, 0, 0, 0, 348, 67, 593
"c:\Users\pvmat\Local Sites\nddbase\app\public\wp-content\plugins\advanced-custom-fields\includes\local-json.php", "PHP", 122, 0, 0, 0, 0, 0, 0, 158, 42, 322
"c:\Users\pvmat\Local Sites\nddbase\app\public\wp-content\plugins\advanced-custom-fields\includes\local-meta.php", "PHP", 76, 0, 0, 0, 0, 0, 0, 150, 31, 257
"c:\Users\pvmat\Local Sites\nddbase\app\public\wp-content\plugins\advanced-custom-fields\includes\locations.php", "PHP", 118, 0, 0, 0, 0, 0, 0, 189, 37, 344
"c:\Users\pvmat\Local Sites\nddbase\app\public\wp-content\plugins\advanced-custom-fields\includes\locations\abstract-acf-legacy-location.php", "PHP", 34, 0, 0, 0, 0, 0, 0, 22, 9, 65
"c:\Users\pvmat\Local Sites\nddbase\app\public\wp-content\plugins\advanced-custom-fields\includes\locations\abstract-acf-location.php", "PHP", 48, 0, 0, 0, 0, 0, 0, 121, 22, 191
"c:\Users\pvmat\Local Sites\nddbase\app\public\wp-content\plugins\advanced-custom-fields\includes\locations\class-acf-location-attachment.php", "PHP", 42, 0, 0, 0, 0, 0, 0, 38, 17, 97
"c:\Users\pvmat\Local Sites\nddbase\app\public\wp-content\plugins\advanced-custom-fields\includes\locations\class-acf-location-comment.php", "PHP", 31, 0, 0, 0, 0, 0, 0, 31, 10, 72
"c:\Users\pvmat\Local Sites\nddbase\app\public\wp-content\plugins\advanced-custom-fields\includes\locations\class-acf-location-current-user-role.php", "PHP", 41, 0, 0, 0, 0, 0, 0, 35, 14, 90
"c:\Users\pvmat\Local Sites\nddbase\app\public\wp-content\plugins\advanced-custom-fields\includes\locations\class-acf-location-current-user.php", "PHP", 41, 0, 0, 0, 0, 0, 0, 31, 10, 82
"c:\Users\pvmat\Local Sites\nddbase\app\public\wp-content\plugins\advanced-custom-fields\includes\locations\class-acf-location-nav-menu-item.php", "PHP", 29, 0, 0, 0, 0, 0, 0, 32, 11, 72
"c:\Users\pvmat\Local Sites\nddbase\app\public\wp-content\plugins\advanced-custom-fields\includes\locations\class-acf-location-nav-menu.php", "PHP", 51, 0, 0, 0, 0, 0, 0, 37, 16, 104
"c:\Users\pvmat\Local Sites\nddbase\app\public\wp-content\plugins\advanced-custom-fields\includes\locations\class-acf-location-page-parent.php", "PHP", 30, 0, 0, 0, 0, 0, 0, 32, 11, 73
"c:\Users\pvmat\Local Sites\nddbase\app\public\wp-content\plugins\advanced-custom-fields\includes\locations\class-acf-location-page-template.php", "PHP", 38, 0, 0, 0, 0, 0, 0, 34, 12, 84
"c:\Users\pvmat\Local Sites\nddbase\app\public\wp-content\plugins\advanced-custom-fields\includes\locations\class-acf-location-page-type.php", "PHP", 71, 0, 0, 0, 0, 0, 0, 34, 18, 123
"c:\Users\pvmat\Local Sites\nddbase\app\public\wp-content\plugins\advanced-custom-fields\includes\locations\class-acf-location-page.php", "PHP", 34, 0, 0, 0, 0, 0, 0, 33, 12, 79
"c:\Users\pvmat\Local Sites\nddbase\app\public\wp-content\plugins\advanced-custom-fields\includes\locations\class-acf-location-post-category.php", "PHP", 28, 0, 0, 0, 0, 0, 0, 39, 10, 77
"c:\Users\pvmat\Local Sites\nddbase\app\public\wp-content\plugins\advanced-custom-fields\includes\locations\class-acf-location-post-format.php", "PHP", 32, 0, 0, 0, 0, 0, 0, 33, 12, 77
"c:\Users\pvmat\Local Sites\nddbase\app\public\wp-content\plugins\advanced-custom-fields\includes\locations\class-acf-location-post-status.php", "PHP", 38, 0, 0, 0, 0, 0, 0, 34, 13, 85
"c:\Users\pvmat\Local Sites\nddbase\app\public\wp-content\plugins\advanced-custom-fields\includes\locations\class-acf-location-post-taxonomy.php", "PHP", 56, 0, 0, 0, 0, 0, 0, 45, 16, 117
"c:\Users\pvmat\Local Sites\nddbase\app\public\wp-content\plugins\advanced-custom-fields\includes\locations\class-acf-location-post-template.php", "PHP", 64, 0, 0, 0, 0, 0, 0, 46, 17, 127
"c:\Users\pvmat\Local Sites\nddbase\app\public\wp-content\plugins\advanced-custom-fields\includes\locations\class-acf-location-post-type.php", "PHP", 40, 0, 0, 0, 0, 0, 0, 43, 15, 98
"c:\Users\pvmat\Local Sites\nddbase\app\public\wp-content\plugins\advanced-custom-fields\includes\locations\class-acf-location-post.php", "PHP", 46, 0, 0, 0, 0, 0, 0, 35, 14, 95
"c:\Users\pvmat\Local Sites\nddbase\app\public\wp-content\plugins\advanced-custom-fields\includes\locations\class-acf-location-taxonomy.php", "PHP", 37, 0, 0, 0, 0, 0, 0, 41, 13, 91
"c:\Users\pvmat\Local Sites\nddbase\app\public\wp-content\plugins\advanced-custom-fields\includes\locations\class-acf-location-user-form.php", "PHP", 34, 0, 0, 0, 0, 0, 0, 33, 12, 79
"c:\Users\pvmat\Local Sites\nddbase\app\public\wp-content\plugins\advanced-custom-fields\includes\locations\class-acf-location-user-role.php", "PHP", 40, 0, 0, 0, 0, 0, 0, 36, 13, 89
"c:\Users\pvmat\Local Sites\nddbase\app\public\wp-content\plugins\advanced-custom-fields\includes\locations\class-acf-location-widget.php", "PHP", 35, 0, 0, 0, 0, 0, 0, 33, 12, 80
"c:\Users\pvmat\Local Sites\nddbase\app\public\wp-content\plugins\advanced-custom-fields\includes\loop.php", "PHP", 91, 0, 0, 0, 0, 0, 0, 172, 92, 355
"c:\Users\pvmat\Local Sites\nddbase\app\public\wp-content\plugins\advanced-custom-fields\includes\media.php", "PHP", 99, 0, 0, 0, 0, 0, 0, 112, 33, 244
"c:\Users\pvmat\Local Sites\nddbase\app\public\wp-content\plugins\advanced-custom-fields\includes\revisions.php", "PHP", 150, 0, 0, 0, 0, 0, 0, 176, 132, 458
"c:\Users\pvmat\Local Sites\nddbase\app\public\wp-content\plugins\advanced-custom-fields\includes\third-party.php", "PHP", 60, 0, 0, 0, 0, 0, 0, 95, 52, 207
"c:\Users\pvmat\Local Sites\nddbase\app\public\wp-content\plugins\advanced-custom-fields\includes\upgrades.php", "PHP", 212, 0, 0, 0, 0, 0, 0, 237, 98, 547
"c:\Users\pvmat\Local Sites\nddbase\app\public\wp-content\plugins\advanced-custom-fields\includes\validation.php", "PHP", 126, 0, 0, 0, 0, 0, 0, 177, 109, 412
"c:\Users\pvmat\Local Sites\nddbase\app\public\wp-content\plugins\advanced-custom-fields\includes\walkers\class-acf-walker-nav-menu-edit.php", "PHP", 22, 0, 0, 0, 0, 0, 0, 41, 14, 77
"c:\Users\pvmat\Local Sites\nddbase\app\public\wp-content\plugins\advanced-custom-fields\includes\walkers\class-acf-walker-taxonomy-field.php", "PHP", 44, 0, 0, 0, 0, 0, 0, 75, 15, 134
"c:\Users\pvmat\Local Sites\nddbase\app\public\wp-content\plugins\advanced-custom-fields\includes\wpml.php", "PHP", 126, 0, 0, 0, 0, 0, 0, 136, 57, 319
"c:\Users\pvmat\Local Sites\nddbase\app\public\wp-content\plugins\index.php", "PHP", 1, 0, 0, 0, 0, 0, 0, 1, 1, 3
"c:\Users\pvmat\Local Sites\nddbase\app\public\wp-content\themes\index.php", "PHP", 1, 0, 0, 0, 0, 0, 0, 1, 1, 3
"c:\Users\pvmat\Local Sites\nddbase\app\public\wp-content\themes\nddbase\.VSCodeCounter\2021-10-06_18-36-31\details.md", "Markdown", 0, 0, 0, 0, 0, 25, 0, 0, 6, 31
"c:\Users\pvmat\Local Sites\nddbase\app\public\wp-content\themes\nddbase\.VSCodeCounter\2021-10-06_18-36-31\results.md", "Markdown", 0, 0, 0, 0, 0, 18, 0, 0, 7, 25
"c:\Users\pvmat\Local Sites\nddbase\app\public\wp-content\themes\nddbase\.VSCodeCounter\2021-10-07_15-47-17\details.md", "Markdown", 0, 0, 0, 0, 0, 30, 0, 0, 6, 36
"c:\Users\pvmat\Local Sites\nddbase\app\public\wp-content\themes\nddbase\.VSCodeCounter\2021-10-07_15-47-17\results.md", "Markdown", 0, 0, 0, 0, 0, 20, 0, 0, 7, 27
"c:\Users\pvmat\Local Sites\nddbase\app\public\wp-content\themes\nddbase\archive-faq.php", "PHP", 42, 0, 0, 0, 0, 0, 0, 0, 4, 46
"c:\Users\pvmat\Local Sites\nddbase\app\public\wp-content\themes\nddbase\archive-obra.php", "PHP", 44, 0, 0, 0, 0, 0, 0, 0, 2, 46
"c:\Users\pvmat\Local Sites\nddbase\app\public\wp-content\themes\nddbase\css\nav.css", "CSS", 0, 235, 0, 0, 0, 0, 0, 3, 37, 275
"c:\Users\pvmat\Local Sites\nddbase\app\public\wp-content\themes\nddbase\css\nav_pre.css", "CSS", 0, 76, 0, 0, 0, 0, 0, 2, 15, 93
"c:\Users\pvmat\Local Sites\nddbase\app\public\wp-content\themes\nddbase\css\obras.css", "CSS", 0, 94, 0, 0, 0, 0, 0, 5, 25, 124
"c:\Users\pvmat\Local Sites\nddbase\app\public\wp-content\themes\nddbase\css\obras.scss", "SCSS", 0, 0, 0, 0, 44, 0, 0, 0, 8, 52
"c:\Users\pvmat\Local Sites\nddbase\app\public\wp-content\themes\nddbase\css\style.css", "CSS", 0, 438, 0, 0, 0, 0, 0, 15, 97, 550
"c:\Users\pvmat\Local Sites\nddbase\app\public\wp-content\themes\nddbase\css\utilities.css", "CSS", 0, 327, 0, 0, 0, 0, 0, 9, 55, 391
"c:\Users\pvmat\Local Sites\nddbase\app\public\wp-content\themes\nddbase\customPage-grid.php", "PHP", 128, 0, 0, 0, 0, 0, 0, 0, 17, 145
"c:\Users\pvmat\Local Sites\nddbase\app\public\wp-content\themes\nddbase\followalong.md", "Markdown", 0, 0, 0, 0, 0, 10, 0, 0, 6, 16
"c:\Users\pvmat\Local Sites\nddbase\app\public\wp-content\themes\nddbase\footer.php", "PHP", 21, 0, 0, 0, 0, 0, 0, 0, 3, 24
"c:\Users\pvmat\Local Sites\nddbase\app\public\wp-content\themes\nddbase\front-page.php", "PHP", 75, 0, 0, 0, 0, 0, 0, 0, 12, 87
"c:\Users\pvmat\Local Sites\nddbase\app\public\wp-content\themes\nddbase\functions-dynamic.php", "PHP", 20, 0, 0, 0, 0, 0, 0, 2, 4, 26
"c:\Users\pvmat\Local Sites\nddbase\app\public\wp-content\themes\nddbase\functions.php", "PHP", 29, 0, 0, 0, 0, 0, 0, 0, 14, 43
"c:\Users\pvmat\Local Sites\nddbase\app\public\wp-content\themes\nddbase\header.php", "PHP", 53, 0, 0, 0, 0, 0, 0, 0, 3, 56
"c:\Users\pvmat\Local Sites\nddbase\app\public\wp-content\themes\nddbase\header_dynamic.php", "PHP", 50, 0, 0, 0, 0, 0, 0, 0, 3, 53
"c:\Users\pvmat\Local Sites\nddbase\app\public\wp-content\themes\nddbase\index.php", "PHP", 45, 0, 0, 0, 0, 0, 0, 0, 2, 47
"c:\Users\pvmat\Local Sites\nddbase\app\public\wp-content\themes\nddbase\js\accordion.js", "JavaScript", 0, 0, 0, 15, 0, 0, 0, 0, 3, 18
"c:\Users\pvmat\Local Sites\nddbase\app\public\wp-content\themes\nddbase\js\counter.js", "JavaScript", 0, 0, 0, 35, 0, 0, 0, 2, 12, 49
"c:\Users\pvmat\Local Sites\nddbase\app\public\wp-content\themes\nddbase\js\devtools\forceRedirect.js", "JavaScript", 0, 0, 0, 16, 0, 0, 0, 3, 5, 24
"c:\Users\pvmat\Local Sites\nddbase\app\public\wp-content\themes\nddbase\js\devtools\sniffer.js", "JavaScript", 0, 0, 0, 10, 0, 0, 0, 1, 1, 12
"c:\Users\pvmat\Local Sites\nddbase\app\public\wp-content\themes\nddbase\js\nav.js", "JavaScript", 0, 0, 0, 21, 0, 0, 0, 1, 5, 27
"c:\Users\pvmat\Local Sites\nddbase\app\public\wp-content\themes\nddbase\js\navbarScroll.js", "JavaScript", 0, 0, 0, 12, 0, 0, 0, 1, 2, 15
"c:\Users\pvmat\Local Sites\nddbase\app\public\wp-content\themes\nddbase\page.php", "PHP", 30, 0, 0, 0, 0, 0, 0, 0, 4, 34
"c:\Users\pvmat\Local Sites\nddbase\app\public\wp-content\themes\nddbase\single-faq.php", "PHP", 23, 0, 0, 0, 0, 0, 0, 0, 3, 26
"c:\Users\pvmat\Local Sites\nddbase\app\public\wp-content\themes\nddbase\single-obra.php", "PHP", 50, 0, 0, 0, 0, 0, 0, 0, 5, 55
"c:\Users\pvmat\Local Sites\nddbase\app\public\wp-content\themes\nddbase\single.php", "PHP", 26, 0, 0, 0, 0, 0, 0, 0, 2, 28
"c:\Users\pvmat\Local Sites\nddbase\app\public\wp-content\themes\nddbase\style.css", "CSS", 0, 1, 0, 0, 0, 0, 0, 19, 2, 22
"c:\Users\pvmat\Local Sites\nddbase\app\public\wp-content\themes\twentynineteen\404.php", "PHP", 18, 0, 0, 0, 0, 0, 0, 9, 7, 34
"c:\Users\pvmat\Local Sites\nddbase\app\public\wp-content\themes\twentynineteen\archive.php", "PHP", 25, 0, 0, 0, 0, 0, 0, 19, 12, 56
"c:\Users\pvmat\Local Sites\nddbase\app\public\wp-content\themes\twentynineteen\classes\class-twentynineteen-svg-icons.php", "PHP", 350, 0, 0, 0, 0, 0, 0, 43, 66, 459
"c:\Users\pvmat\Local Sites\nddbase\app\public\wp-content\themes\twentynineteen\classes\class-twentynineteen-walker-comment.php", "PHP", 87, 0, 0, 0, 0, 0, 0, 27, 17, 131
"c:\Users\pvmat\Local Sites\nddbase\app\public\wp-content\themes\twentynineteen\comments.php", "PHP", 92, 0, 0, 0, 0, 0, 0, 25, 12, 129
"c:\Users\pvmat\Local Sites\nddbase\app\public\wp-content\themes\twentynineteen\footer.php", "PHP", 39, 0, 0, 0, 0, 0, 0, 12, 7, 58
"c:\Users\pvmat\Local Sites\nddbase\app\public\wp-content\themes\twentynineteen\functions.php", "PHP", 193, 0, 0, 0, 0, 0, 0, 125, 46, 364
"c:\Users\pvmat\Local Sites\nddbase\app\public\wp-content\themes\twentynineteen\header.php", "PHP", 36, 0, 0, 0, 0, 0, 0, 11, 7, 54
"c:\Users\pvmat\Local Sites\nddbase\app\public\wp-content\themes\twentynineteen\image.php", "PHP", 66, 0, 0, 0, 0, 0, 0, 19, 20, 105
"c:\Users\pvmat\Local Sites\nddbase\app\public\wp-content\themes\twentynineteen\inc\back-compat.php", "PHP", 40, 0, 0, 0, 0, 0, 0, 45, 5, 90
"c:\Users\pvmat\Local Sites\nddbase\app\public\wp-content\themes\twentynineteen\inc\block-patterns.php", "PHP", 172, 0, 0, 0, 0, 0, 0, 21, 9, 202
"c:\Users\pvmat\Local Sites\nddbase\app\public\wp-content\themes\twentynineteen\inc\color-patterns.php", "PHP", 154, 0, 0, 0, 0, 0, 0, 95, 23, 272
"c:\Users\pvmat\Local Sites\nddbase\app\public\wp-content\themes\twentynineteen\inc\customizer.php", "PHP", 103, 0, 0, 0, 0, 0, 0, 39, 16, 158
"c:\Users\pvmat\Local Sites\nddbase\app\public\wp-content\themes\twentynineteen\inc\helper-functions.php", "PHP", 109, 0, 0, 0, 0, 0, 0, 27, 22, 158
"c:\Users\pvmat\Local Sites\nddbase\app\public\wp-content\themes\twentynineteen\inc\icon-functions.php", "PHP", 52, 0, 0, 0, 0, 0, 0, 41, 15, 108
"c:\Users\pvmat\Local Sites\nddbase\app\public\wp-content\themes\twentynineteen\inc\template-functions.php", "PHP", 120, 0, 0, 0, 0, 0, 0, 63, 29, 212
"c:\Users\pvmat\Local Sites\nddbase\app\public\wp-content\themes\twentynineteen\inc\template-tags.php", "PHP", 168, 0, 0, 0, 0, 0, 0, 61, 30, 259
"c:\Users\pvmat\Local Sites\nddbase\app\public\wp-content\themes\twentynineteen\index.php", "PHP", 20, 0, 0, 0, 0, 0, 0, 17, 11, 48
"c:\Users\pvmat\Local Sites\nddbase\app\public\wp-content\themes\twentynineteen\js\customize-controls.js", "JavaScript", 0, 0, 0, 17, 0, 0, 0, 8, 6, 31
"c:\Users\pvmat\Local Sites\nddbase\app\public\wp-content\themes\twentynineteen\js\customize-preview.js", "JavaScript", 0, 0, 0, 35, 0, 0, 0, 16, 10, 61
"c:\Users\pvmat\Local Sites\nddbase\app\public\wp-content\themes\twentynineteen\js\priority-menu.js", "JavaScript", 0, 0, 0, 112, 0, 0, 0, 69, 36, 217
"c:\Users\pvmat\Local Sites\nddbase\app\public\wp-content\themes\twentynineteen\js\skip-link-focus-fix.js", "JavaScript", 0, 0, 0, 19, 0, 0, 0, 9, 6, 34
"c:\Users\pvmat\Local Sites\nddbase\app\public\wp-content\themes\twentynineteen\js\touch-keyboard-navigation.js", "JavaScript", 0, 0, 0, 180, 0, 0, 0, 98, 77, 355
"c:\Users\pvmat\Local Sites\nddbase\app\public\wp-content\themes\twentynineteen\package-lock.json", "JSON", 0, 0, 2987, 0, 0, 0, 0, 0, 1, 2988
"c:\Users\pvmat\Local Sites\nddbase\app\public\wp-content\themes\twentynineteen\package.json", "JSON", 0, 0, 41, 0, 0, 0, 0, 3, 0, 44
"c:\Users\pvmat\Local Sites\nddbase\app\public\wp-content\themes\twentynineteen\page.php", "PHP", 18, 0, 0, 0, 0, 0, 0, 11, 10, 39
"c:\Users\pvmat\Local Sites\nddbase\app\public\wp-content\themes\twentynineteen\postcss.config.js", "JavaScript", 0, 0, 0, 11, 0, 0, 0, 0, 3, 14
"c:\Users\pvmat\Local Sites\nddbase\app\public\wp-content\themes\twentynineteen\print.css", "CSS", 0, 140, 0, 0, 0, 0, 0, 22, 1, 163
"c:\Users\pvmat\Local Sites\nddbase\app\public\wp-content\themes\twentynineteen\print.scss", "SCSS", 0, 0, 0, 0, 142, 0, 0, 22, 34, 198
"c:\Users\pvmat\Local Sites\nddbase\app\public\wp-content\themes\twentynineteen\sass\_normalize.scss", "SCSS", 0, 0, 0, 0, 143, 0, 0, 126, 73, 342
"c:\Users\pvmat\Local Sites\nddbase\app\public\wp-content\themes\twentynineteen\sass\blocks\_blocks.scss", "SCSS", 0, 0, 0, 0, 784, 0, 0, 71, 189, 1044
"c:\Users\pvmat\Local Sites\nddbase\app\public\wp-content\themes\twentynineteen\sass\elements\_elements.scss", "SCSS", 0, 0, 0, 0, 73, 0, 0, 0, 20, 93
"c:\Users\pvmat\Local Sites\nddbase\app\public\wp-content\themes\twentynineteen\sass\elements\_lists.scss", "SCSS", 0, 0, 0, 0, 26, 0, 0, 0, 8, 34
"c:\Users\pvmat\Local Sites\nddbase\app\public\wp-content\themes\twentynineteen\sass\elements\_tables.scss", "SCSS", 0, 0, 0, 0, 12, 0, 0, 0, 2, 14
"c:\Users\pvmat\Local Sites\nddbase\app\public\wp-content\themes\twentynineteen\sass\forms\_buttons.scss", "SCSS", 0, 0, 0, 0, 33, 0, 0, 0, 5, 38
"c:\Users\pvmat\Local Sites\nddbase\app\public\wp-content\themes\twentynineteen\sass\forms\_fields.scss", "SCSS", 0, 0, 0, 0, 50, 0, 0, 0, 8, 58
"c:\Users\pvmat\Local Sites\nddbase\app\public\wp-content\themes\twentynineteen\sass\forms\_forms.scss", "SCSS", 0, 0, 0, 0, 2, 0, 0, 0, 2, 4
"c:\Users\pvmat\Local Sites\nddbase\app\public\wp-content\themes\twentynineteen\sass\layout\_layout.scss", "SCSS", 0, 0, 0, 0, 6, 0, 0, 1, 5, 12
"c:\Users\pvmat\Local Sites\nddbase\app\public\wp-content\themes\twentynineteen\sass\media\_captions.scss", "SCSS", 0, 0, 0, 0, 27, 0, 0, 0, 6, 33
"c:\Users\pvmat\Local Sites\nddbase\app\public\wp-content\themes\twentynineteen\sass\media\_galleries.scss", "SCSS", 0, 0, 0, 0, 41, 0, 0, 2, 10, 53
"c:\Users\pvmat\Local Sites\nddbase\app\public\wp-content\themes\twentynineteen\sass\media\_media.scss", "SCSS", 0, 0, 0, 0, 29, 0, 0, 6, 7, 42
"c:\Users\pvmat\Local Sites\nddbase\app\public\wp-content\themes\twentynineteen\sass\mixins\_mixins-master.scss", "SCSS", 0, 0, 0, 0, 102, 0, 0, 13, 27, 142
"c:\Users\pvmat\Local Sites\nddbase\app\public\wp-content\themes\twentynineteen\sass\mixins\_utilities.scss", "SCSS", 0, 0, 0, 0, 42, 0, 0, 0, 10, 52
"c:\Users\pvmat\Local Sites\nddbase\app\public\wp-content\themes\twentynineteen\sass\modules\_accessibility.scss", "SCSS", 0, 0, 0, 0, 34, 0, 0, 2, 3, 39
"c:\Users\pvmat\Local Sites\nddbase\app\public\wp-content\themes\twentynineteen\sass\modules\_alignments.scss", "SCSS", 0, 0, 0, 0, 18, 0, 0, 6, 5, 29
"c:\Users\pvmat\Local Sites\nddbase\app\public\wp-content\themes\twentynineteen\sass\modules\_clearings.scss", "SCSS", 0, 0, 0, 0, 22, 0, 0, 0, 2, 24
"c:\Users\pvmat\Local Sites\nddbase\app\public\wp-content\themes\twentynineteen\sass\navigation\_links.scss", "SCSS", 0, 0, 0, 0, 17, 0, 0, 0, 5, 22
"c:\Users\pvmat\Local Sites\nddbase\app\public\wp-content\themes\twentynineteen\sass\navigation\_menu-footer-navigation.scss", "SCSS", 0, 0, 0, 0, 14, 0, 0, 1, 7, 22
"c:\Users\pvmat\Local Sites\nddbase\app\public\wp-content\themes\twentynineteen\sass\navigation\_menu-main-navigation.scss", "SCSS", 0, 0, 0, 0, 387, 0, 0, 26, 94, 507
"c:\Users\pvmat\Local Sites\nddbase\app\public\wp-content\themes\twentynineteen\sass\navigation\_menu-social-navigation.scss", "SCSS", 0, 0, 0, 0, 51, 0, 0, 2, 14, 67
"c:\Users\pvmat\Local Sites\nddbase\app\public\wp-content\themes\twentynineteen\sass\navigation\_navigation.scss", "SCSS", 0, 0, 0, 0, 5, 0, 0, 9, 3, 17
"c:\Users\pvmat\Local Sites\nddbase\app\public\wp-content\themes\twentynineteen\sass\navigation\_next-previous.scss", "SCSS", 0, 0, 0, 0, 153, 0, 0, 4, 45, 202
"c:\Users\pvmat\Local Sites\nddbase\app\public\wp-content\themes\twentynineteen\sass\site\_site.scss", "SCSS", 0, 0, 0, 0, 6, 0, 0, 15, 7, 28
"c:\Users\pvmat\Local Sites\nddbase\app\public\wp-content\themes\twentynineteen\sass\site\footer\_site-footer.scss", "SCSS", 0, 0, 0, 0, 44, 0, 0, 1, 8, 53
"c:\Users\pvmat\Local Sites\nddbase\app\public\wp-content\themes\twentynineteen\sass\site\header\_site-featured-image.scss", "SCSS", 0, 0, 0, 0, 212, 0, 0, 30, 60, 302
"c:\Users\pvmat\Local Sites\nddbase\app\public\wp-content\themes\twentynineteen\sass\site\header\_site-header.scss", "SCSS", 0, 0, 0, 0, 103, 0, 0, 6, 31, 140
"c:\Users\pvmat\Local Sites\nddbase\app\public\wp-content\themes\twentynineteen\sass\site\primary\_archives.scss", "SCSS", 0, 0, 0, 0, 48, 0, 0, 1, 17, 66
"c:\Users\pvmat\Local Sites\nddbase\app\public\wp-content\themes\twentynineteen\sass\site\primary\_comments.scss", "SCSS", 0, 0, 0, 0, 323, 0, 0, 3, 84, 410
"c:\Users\pvmat\Local Sites\nddbase\app\public\wp-content\themes\twentynineteen\sass\site\primary\_posts-and-pages.scss", "SCSS", 0, 0, 0, 0, 230, 0, 0, 4, 71, 305
"c:\Users\pvmat\Local Sites\nddbase\app\public\wp-content\themes\twentynineteen\sass\site\secondary\_widgets.scss", "SCSS", 0, 0, 0, 0, 83, 0, 0, 1, 22, 106
"c:\Users\pvmat\Local Sites\nddbase\app\public\wp-content\themes\twentynineteen\sass\typography\_copy.scss", "SCSS", 0, 0, 0, 0, 51, 0, 0, 0, 12, 63
"c:\Users\pvmat\Local Sites\nddbase\app\public\wp-content\themes\twentynineteen\sass\typography\_headings.scss", "SCSS", 0, 0, 0, 0, 147, 0, 0, 1, 17, 165
"c:\Users\pvmat\Local Sites\nddbase\app\public\wp-content\themes\twentynineteen\sass\typography\_typography.scss", "SCSS", 0, 0, 0, 0, 27, 0, 0, 0, 6, 33
"c:\Users\pvmat\Local Sites\nddbase\app\public\wp-content\themes\twentynineteen\sass\variables-site\_colors.scss", "SCSS", 0, 0, 0, 0, 26, 0, 0, 4, 5, 35
"c:\Users\pvmat\Local Sites\nddbase\app\public\wp-content\themes\twentynineteen\sass\variables-site\_columns.scss", "SCSS", 0, 0, 0, 0, 15, 0, 0, 0, 2, 17
"c:\Users\pvmat\Local Sites\nddbase\app\public\wp-content\themes\twentynineteen\sass\variables-site\_fonts.scss", "SCSS", 0, 0, 0, 0, 56, 0, 0, 21, 6, 83
"c:\Users\pvmat\Local Sites\nddbase\app\public\wp-content\themes\twentynineteen\sass\variables-site\_structure.scss", "SCSS", 0, 0, 0, 0, 10, 0, 0, 2, 5, 17
"c:\Users\pvmat\Local Sites\nddbase\app\public\wp-content\themes\twentynineteen\sass\variables-site\_transitions.scss", "SCSS", 0, 0, 0, 0, 4, 0, 0, 1, 1, 6
"c:\Users\pvmat\Local Sites\nddbase\app\public\wp-content\themes\twentynineteen\sass\variables-site\_variables-site.scss", "SCSS", 0, 0, 0, 0, 5, 0, 0, 0, 1, 6
"c:\Users\pvmat\Local Sites\nddbase\app\public\wp-content\themes\twentynineteen\search.php", "PHP", 26, 0, 0, 0, 0, 0, 0, 19, 12, 57
"c:\Users\pvmat\Local Sites\nddbase\app\public\wp-content\themes\twentynineteen\single.php", "PHP", 36, 0, 0, 0, 0, 0, 0, 14, 11, 61
"c:\Users\pvmat\Local Sites\nddbase\app\public\wp-content\themes\twentynineteen\style-editor-customizer.css", "CSS", 0, 0, 0, 0, 0, 0, 0, 5, 1, 6
"c:\Users\pvmat\Local Sites\nddbase\app\public\wp-content\themes\twentynineteen\style-editor-customizer.scss", "SCSS", 0, 0, 0, 0, 0, 0, 0, 5, 0, 5
"c:\Users\pvmat\Local Sites\nddbase\app\public\wp-content\themes\twentynineteen\style-editor.css", "CSS", 0, 1353, 0, 0, 0, 0, 0, 45, 182, 1580
"c:\Users\pvmat\Local Sites\nddbase\app\public\wp-content\themes\twentynineteen\style-editor.scss", "SCSS", 0, 0, 0, 0, 730, 0, 0, 60, 205, 995
"c:\Users\pvmat\Local Sites\nddbase\app\public\wp-content\themes\twentynineteen\style-rtl.css", "CSS", 0, 5511, 0, 0, 0, 0, 0, 370, 709, 6590
"c:\Users\pvmat\Local Sites\nddbase\app\public\wp-content\themes\twentynineteen\style.css", "CSS", 0, 5511, 0, 0, 0, 0, 0, 382, 709, 6602
"c:\Users\pvmat\Local Sites\nddbase\app\public\wp-content\themes\twentynineteen\style.scss", "SCSS", 0, 0, 0, 0, 15, 0, 0, 74, 28, 117
"c:\Users\pvmat\Local Sites\nddbase\app\public\wp-content\themes\twentynineteen\template-parts\content\content-excerpt.php", "PHP", 19, 0, 0, 0, 0, 0, 0, 9, 6, 34
"c:\Users\pvmat\Local Sites\nddbase\app\public\wp-content\themes\twentynineteen\template-parts\content\content-none.php", "PHP", 34, 0, 0, 0, 0, 0, 0, 10, 10, 54
"c:\Users\pvmat\Local Sites\nddbase\app\public\wp-content\themes\twentynineteen\template-parts\content\content-page.php", "PHP", 41, 0, 0, 0, 0, 0, 0, 10, 6, 57
"c:\Users\pvmat\Local Sites\nddbase\app\public\wp-content\themes\twentynineteen\template-parts\content\content-single.php", "PHP", 38, 0, 0, 0, 0, 0, 0, 10, 8, 56
"c:\Users\pvmat\Local Sites\nddbase\app\public\wp-content\themes\twentynineteen\template-parts\content\content.php", "PHP", 43, 0, 0, 0, 0, 0, 0, 10, 7, 60
"c:\Users\pvmat\Local Sites\nddbase\app\public\wp-content\themes\twentynineteen\template-parts\footer\footer-widgets.php", "PHP", 14, 0, 0, 0, 0, 0, 0, 7, 4, 25
"c:\Users\pvmat\Local Sites\nddbase\app\public\wp-content\themes\twentynineteen\template-parts\header\entry-header.php", "PHP", 34, 0, 0, 0, 0, 0, 0, 9, 4, 47
"c:\Users\pvmat\Local Sites\nddbase\app\public\wp-content\themes\twentynineteen\template-parts\header\site-branding.php", "PHP", 51, 0, 0, 0, 0, 0, 0, 7, 3, 61
"c:\Users\pvmat\Local Sites\nddbase\app\public\wp-content\themes\twentynineteen\template-parts\post\author-bio.php", "PHP", 21, 0, 0, 0, 0, 0, 0, 8, 2, 31
"c:\Users\pvmat\Local Sites\nddbase\app\public\wp-content\themes\twentynineteen\template-parts\post\discussion-meta.php", "PHP", 20, 0, 0, 0, 0, 0, 0, 9, 4, 33
"c:\Users\pvmat\Local Sites\nddbase\app\public\wp-content\themes\twentytwenty\.stylelintrc.json", "JSON", 0, 0, 12, 0, 0, 0, 0, 0, 1, 13
"c:\Users\pvmat\Local Sites\nddbase\app\public\wp-content\themes\twentytwenty\404.php", "PHP", 19, 0, 0, 0, 0, 0, 0, 7, 11, 37
"c:\Users\pvmat\Local Sites\nddbase\app\public\wp-content\themes\twentytwenty\assets\css\editor-style-block-rtl.css", "CSS", 0, 1036, 0, 0, 0, 0, 0, 88, 338, 1462
"c:\Users\pvmat\Local Sites\nddbase\app\public\wp-content\themes\twentytwenty\assets\css\editor-style-block.css", "CSS", 0, 1036, 0, 0, 0, 0, 0, 88, 338, 1462
"c:\Users\pvmat\Local Sites\nddbase\app\public\wp-content\themes\twentytwenty\assets\css\editor-style-classic-rtl.css", "CSS", 0, 461, 0, 0, 0, 0, 0, 32, 108, 601
"c:\Users\pvmat\Local Sites\nddbase\app\public\wp-content\themes\twentytwenty\assets\css\editor-style-classic.css", "CSS", 0, 461, 0, 0, 0, 0, 0, 34, 110, 605
"c:\Users\pvmat\Local Sites\nddbase\app\public\wp-content\themes\twentytwenty\assets\js\color-calculations.js", "JavaScript", 0, 0, 0, 75, 0, 0, 0, 64, 18, 157
"c:\Users\pvmat\Local Sites\nddbase\app\public\wp-content\themes\twentytwenty\assets\js\customize-controls.js", "JavaScript", 0, 0, 0, 57, 0, 0, 0, 44, 14, 115
"c:\Users\pvmat\Local Sites\nddbase\app\public\wp-content\themes\twentytwenty\assets\js\customize-preview.js", "JavaScript", 0, 0, 0, 105, 0, 0, 0, 64, 25, 194
"c:\Users\pvmat\Local Sites\nddbase\app\public\wp-content\themes\twentytwenty\assets\js\customize.js", "JavaScript", 0, 0, 0, 20, 0, 0, 0, 5, 3, 28
"c:\Users\pvmat\Local Sites\nddbase\app\public\wp-content\themes\twentytwenty\assets\js\editor-script-block.js", "JavaScript", 0, 0, 0, 3, 0, 0, 0, 6, 1, 10
"c:\Users\pvmat\Local Sites\nddbase\app\public\wp-content\themes\twentytwenty\assets\js\index.js", "JavaScript", 0, 0, 0, 545, 0, 0, 0, 134, 148, 827
"c:\Users\pvmat\Local Sites\nddbase\app\public\wp-content\themes\twentytwenty\assets\js\skip-link-focus-fix.js", "JavaScript", 0, 0, 0, 19, 0, 0, 0, 11, 6, 36
"c:\Users\pvmat\Local Sites\nddbase\app\public\wp-content\themes\twentytwenty\classes\class-twentytwenty-customize.php", "PHP", 357, 0, 0, 0, 0, 0, 0, 122, 63, 542
"c:\Users\pvmat\Local Sites\nddbase\app\public\wp-content\themes\twentytwenty\classes\class-twentytwenty-non-latin-languages.php", "PHP", 59, 0, 0, 0, 0, 0, 0, 55, 24, 138
"c:\Users\pvmat\Local Sites\nddbase\app\public\wp-content\themes\twentytwenty\classes\class-twentytwenty-script-loader.php", "PHP", 17, 0, 0, 0, 0, 0, 0, 31, 4, 52
"c:\Users\pvmat\Local Sites\nddbase\app\public\wp-content\themes\twentytwenty\classes\class-twentytwenty-separator-control.php", "PHP", 10, 0, 0, 0, 0, 0, 0, 17, 4, 31
"c:\Users\pvmat\Local Sites\nddbase\app\public\wp-content\themes\twentytwenty\classes\class-twentytwenty-svg-icons.php", "PHP", 182, 0, 0, 0, 0, 0, 0, 90, 53, 325
"c:\Users\pvmat\Local Sites\nddbase\app\public\wp-content\themes\twentytwenty\classes\class-twentytwenty-walker-comment.php", "PHP", 96, 0, 0, 0, 0, 0, 0, 30, 27, 153
"c:\Users\pvmat\Local Sites\nddbase\app\public\wp-content\themes\twentytwenty\classes\class-twentytwenty-walker-page.php", "PHP", 90, 0, 0, 0, 0, 0, 0, 36, 24, 150
"c:\Users\pvmat\Local Sites\nddbase\app\public\wp-content\themes\twentytwenty\comments.php", "PHP", 88, 0, 0, 0, 0, 0, 0, 16, 29, 133
"c:\Users\pvmat\Local Sites\nddbase\app\public\wp-content\themes\twentytwenty\footer.php", "PHP", 36, 0, 0, 0, 0, 0, 0, 14, 12, 62
"c:\Users\pvmat\Local Sites\nddbase\app\public\wp-content\themes\twentytwenty\functions.php", "PHP", 407, 0, 0, 0, 0, 0, 0, 253, 129, 789
"c:\Users\pvmat\Local Sites\nddbase\app\public\wp-content\themes\twentytwenty\header.php", "PHP", 119, 0, 0, 0, 0, 0, 0, 14, 55, 188
"c:\Users\pvmat\Local Sites\nddbase\app\public\wp-content\themes\twentytwenty\inc\block-patterns.php", "PHP", 174, 0, 0, 0, 0, 0, 0, 21, 9, 204
"c:\Users\pvmat\Local Sites\nddbase\app\public\wp-content\themes\twentytwenty\inc\custom-css.php", "PHP", 95, 0, 0, 0, 0, 0, 0, 64, 37, 196
"c:\Users\pvmat\Local Sites\nddbase\app\public\wp-content\themes\twentytwenty\inc\starter-content.php", "PHP", 174, 0, 0, 0, 0, 0, 0, 36, 9, 219
"c:\Users\pvmat\Local Sites\nddbase\app\public\wp-content\themes\twentytwenty\inc\svg-icons.php", "PHP", 42, 0, 0, 0, 0, 0, 0, 27, 6, 75
"c:\Users\pvmat\Local Sites\nddbase\app\public\wp-content\themes\twentytwenty\inc\template-tags.php", "PHP", 357, 0, 0, 0, 0, 0, 0, 323, 155, 835
"c:\Users\pvmat\Local Sites\nddbase\app\public\wp-content\themes\twentytwenty\index.php", "PHP", 76, 0, 0, 0, 0, 0, 0, 15, 29, 120
"c:\Users\pvmat\Local Sites\nddbase\app\public\wp-content\themes\twentytwenty\package-lock.json", "JSON", 0, 0, 16428, 0, 0, 0, 0, 0, 1, 16429
"c:\Users\pvmat\Local Sites\nddbase\app\public\wp-content\themes\twentytwenty\package.json", "JSON", 0, 0, 55, 0, 0, 0, 0, 0, 1, 56
"c:\Users\pvmat\Local Sites\nddbase\app\public\wp-content\themes\twentytwenty\print.css", "CSS", 0, 116, 0, 0, 0, 0, 0, 23, 31, 170
"c:\Users\pvmat\Local Sites\nddbase\app\public\wp-content\themes\twentytwenty\searchform.php", "PHP", 14, 0, 0, 0, 0, 0, 0, 16, 3, 33
"c:\Users\pvmat\Local Sites\nddbase\app\public\wp-content\themes\twentytwenty\singular.php", "PHP", 15, 0, 0, 0, 0, 0, 0, 9, 11, 35
"c:\Users\pvmat\Local Sites\nddbase\app\public\wp-content\themes\twentytwenty\style-rtl.css", "CSS", 0, 4599, 0, 0, 0, 0, 0, 381, 1386, 6366
"c:\Users\pvmat\Local Sites\nddbase\app\public\wp-content\themes\twentytwenty\style.css", "CSS", 0, 4599, 0, 0, 0, 0, 0, 438, 1443, 6480
"c:\Users\pvmat\Local Sites\nddbase\app\public\wp-content\themes\twentytwenty\template-parts\content-cover.php", "PHP", 111, 0, 0, 0, 0, 0, 0, 23, 49, 183
"c:\Users\pvmat\Local Sites\nddbase\app\public\wp-content\themes\twentytwenty\template-parts\content.php", "PHP", 50, 0, 0, 0, 0, 0, 0, 16, 29, 95
"c:\Users\pvmat\Local Sites\nddbase\app\public\wp-content\themes\twentytwenty\template-parts\entry-author-bio.php", "PHP", 24, 0, 0, 0, 0, 0, 0, 8, 2, 34
"c:\Users\pvmat\Local Sites\nddbase\app\public\wp-content\themes\twentytwenty\template-parts\entry-header.php", "PHP", 42, 0, 0, 0, 0, 0, 0, 15, 19, 76
"c:\Users\pvmat\Local Sites\nddbase\app\public\wp-content\themes\twentytwenty\template-parts\featured-image.php", "PHP", 22, 0, 0, 0, 0, 0, 0, 8, 14, 44
"c:\Users\pvmat\Local Sites\nddbase\app\public\wp-content\themes\twentytwenty\template-parts\footer-menus-widgets.php", "PHP", 75, 0, 0, 0, 0, 0, 0, 9, 36, 120
"c:\Users\pvmat\Local Sites\nddbase\app\public\wp-content\themes\twentytwenty\template-parts\modal-menu.php", "PHP", 101, 0, 0, 0, 0, 0, 0, 8, 40, 149
"c:\Users\pvmat\Local Sites\nddbase\app\public\wp-content\themes\twentytwenty\template-parts\modal-search.php", "PHP", 19, 0, 0, 0, 0, 0, 0, 7, 9, 35
"c:\Users\pvmat\Local Sites\nddbase\app\public\wp-content\themes\twentytwenty\template-parts\navigation.php", "PHP", 37, 0, 0, 0, 0, 0, 0, 7, 18, 62
"c:\Users\pvmat\Local Sites\nddbase\app\public\wp-content\themes\twentytwenty\template-parts\pagination.php", "PHP", 31, 0, 0, 0, 0, 0, 0, 19, 11, 61
"c:\Users\pvmat\Local Sites\nddbase\app\public\wp-content\themes\twentytwenty\templates\template-cover.php", "PHP", 15, 0, 0, 0, 0, 0, 0, 8, 11, 34
"c:\Users\pvmat\Local Sites\nddbase\app\public\wp-content\themes\twentytwenty\templates\template-full-width.php", "PHP", 2, 0, 0, 0, 0, 0, 0, 8, 2, 12
"c:\Users\pvmat\Local Sites\nddbase\app\public\wp-content\themes\twentytwentyone\.stylelintrc-css.json", "JSON", 0, 0, 23, 0, 0, 0, 0, 0, 1, 24
"c:\Users\pvmat\Local Sites\nddbase\app\public\wp-content\themes\twentytwentyone\.stylelintrc.json", "JSON", 0, 0, 16, 0, 0, 0, 0, 0, 1, 17
"c:\Users\pvmat\Local Sites\nddbase\app\public\wp-content\themes\twentytwentyone\404.php", "PHP", 14, 0, 0, 0, 0, 0, 0, 9, 5, 28
"c:\Users\pvmat\Local Sites\nddbase\app\public\wp-content\themes\twentytwentyone\archive.php", "PHP", 20, 0, 0, 0, 0, 0, 0, 9, 9, 38
"c:\Users\pvmat\Local Sites\nddbase\app\public\wp-content\themes\twentytwentyone\assets\css\custom-color-overrides.css", "CSS", 0, 0, 0, 0, 0, 0, 0, 5, 1, 6
"c:\Users\pvmat\Local Sites\nddbase\app\public\wp-content\themes\twentytwentyone\assets\css\ie-editor.css", "CSS", 0, 2647, 0, 0, 0, 0, 0, 62, 688, 3397
"c:\Users\pvmat\Local Sites\nddbase\app\public\wp-content\themes\twentytwentyone\assets\css\ie.css", "CSS", 0, 5961, 0, 0, 0, 0, 0, 464, 1492, 7917
"c:\Users\pvmat\Local Sites\nddbase\app\public\wp-content\themes\twentytwentyone\assets\css\print.css", "CSS", 0, 135, 0, 0, 0, 0, 0, 18, 26, 179
"c:\Users\pvmat\Local Sites\nddbase\app\public\wp-content\themes\twentytwentyone\assets\css\style-dark-mode-rtl.css", "CSS", 0, 90, 0, 0, 0, 0, 0, 2, 17, 109
"c:\Users\pvmat\Local Sites\nddbase\app\public\wp-content\themes\twentytwentyone\assets\css\style-dark-mode.css", "CSS", 0, 90, 0, 0, 0, 0, 0, 2, 17, 109
"c:\Users\pvmat\Local Sites\nddbase\app\public\wp-content\themes\twentytwentyone\assets\css\style-editor-customizer.css", "CSS", 0, 0, 0, 0, 0, 0, 0, 3, 1, 4
"c:\Users\pvmat\Local Sites\nddbase\app\public\wp-content\themes\twentytwentyone\assets\css\style-editor.css", "CSS", 0, 2123, 0, 0, 0, 0, 0, 61, 446, 2630
"c:\Users\pvmat\Local Sites\nddbase\app\public\wp-content\themes\twentytwentyone\assets\js\customize-helpers.js", "JavaScript", 0, 0, 0, 17, 0, 0, 0, 19, 4, 40
"c:\Users\pvmat\Local Sites\nddbase\app\public\wp-content\themes\twentytwentyone\assets\js\customize-preview.js", "JavaScript", 0, 0, 0, 48, 0, 0, 0, 7, 8, 63
"c:\Users\pvmat\Local Sites\nddbase\app\public\wp-content\themes\twentytwentyone\assets\js\customize.js", "JavaScript", 0, 0, 0, 19, 0, 0, 0, 4, 3, 26
"c:\Users\pvmat\Local Sites\nddbase\app\public\wp-content\themes\twentytwentyone\assets\js\dark-mode-toggler.js", "JavaScript", 0, 0, 0, 59, 0, 0, 0, 0, 13, 72
"c:\Users\pvmat\Local Sites\nddbase\app\public\wp-content\themes\twentytwentyone\assets\js\editor-dark-mode-support.js", "JavaScript", 0, 0, 0, 24, 0, 0, 0, 15, 6, 45
"c:\Users\pvmat\Local Sites\nddbase\app\public\wp-content\themes\twentytwentyone\assets\js\editor.js", "JavaScript", 0, 0, 0, 25, 0, 0, 0, 6, 8, 39
"c:\Users\pvmat\Local Sites\nddbase\app\public\wp-content\themes\twentytwentyone\assets\js\palette-colorpicker.js", "JavaScript", 0, 0, 0, 40, 0, 0, 0, 12, 4, 56
"c:\Users\pvmat\Local Sites\nddbase\app\public\wp-content\themes\twentytwentyone\assets\js\polyfills.js", "JavaScript", 0, 0, 0, 24, 0, 0, 0, 19, 4, 47
"c:\Users\pvmat\Local Sites\nddbase\app\public\wp-content\themes\twentytwentyone\assets\js\primary-navigation.js", "JavaScript", 0, 0, 0, 128, 0, 0, 0, 53, 22, 203
"c:\Users\pvmat\Local Sites\nddbase\app\public\wp-content\themes\twentytwentyone\assets\js\responsive-embeds.js", "JavaScript", 0, 0, 0, 13, 0, 0, 0, 19, 5, 37
"c:\Users\pvmat\Local Sites\nddbase\app\public\wp-content\themes\twentytwentyone\assets\js\skip-link-focus-fix.js", "JavaScript", 0, 0, 0, 19, 0, 0, 0, 11, 6, 36
"c:\Users\pvmat\Local Sites\nddbase\app\public\wp-content\themes\twentytwentyone\assets\sass\01-settings\file-header.scss", "SCSS", 0, 0, 0, 0, 0, 0, 0, 18, 1, 19
"c:\Users\pvmat\Local Sites\nddbase\app\public\wp-content\themes\twentytwentyone\assets\sass\01-settings\fonts.scss", "SCSS", 0, 0, 0, 0, 0, 0, 0, 1, 1, 2
"c:\Users\pvmat\Local Sites\nddbase\app\public\wp-content\themes\twentytwentyone\assets\sass\01-settings\global.scss", "SCSS", 0, 0, 0, 0, 189, 0, 0, 26, 35, 250
"c:\Users\pvmat\Local Sites\nddbase\app\public\wp-content\themes\twentytwentyone\assets\sass\02-tools\functions.scss", "SCSS", 0, 0, 0, 0, 70, 0, 0, 83, 26, 179
"c:\Users\pvmat\Local Sites\nddbase\app\public\wp-content\themes\twentytwentyone\assets\sass\02-tools\mixins.scss", "SCSS", 0, 0, 0, 0, 68, 0, 0, 14, 19, 101
"c:\Users\pvmat\Local Sites\nddbase\app\public\wp-content\themes\twentytwentyone\assets\sass\03-generic\breakpoints.scss", "SCSS", 0, 0, 0, 0, 154, 0, 0, 22, 42, 218
"c:\Users\pvmat\Local Sites\nddbase\app\public\wp-content\themes\twentytwentyone\assets\sass\03-generic\clearings.scss", "SCSS", 0, 0, 0, 0, 24, 0, 0, 0, 2, 26
"c:\Users\pvmat\Local Sites\nddbase\app\public\wp-content\themes\twentytwentyone\assets\sass\03-generic\normalize.scss", "SCSS", 0, 0, 0, 0, 147, 0, 0, 129, 75, 351
"c:\Users\pvmat\Local Sites\nddbase\app\public\wp-content\themes\twentytwentyone\assets\sass\03-generic\reset.scss", "SCSS", 0, 0, 0, 0, 51, 0, 0, 14, 11, 76
"c:\Users\pvmat\Local Sites\nddbase\app\public\wp-content\themes\twentytwentyone\assets\sass\03-generic\vertical-margins.scss", "SCSS", 0, 0, 0, 0, 105, 0, 0, 43, 26, 174
"c:\Users\pvmat\Local Sites\nddbase\app\public\wp-content\themes\twentytwentyone\assets\sass\04-elements\blockquote.scss", "SCSS", 0, 0, 0, 0, 67, 0, 0, 0, 15, 82
"c:\Users\pvmat\Local Sites\nddbase\app\public\wp-content\themes\twentytwentyone\assets\sass\04-elements\forms-editor.scss", "SCSS", 0, 0, 0, 0, 13, 0, 0, 0, 1, 14
"c:\Users\pvmat\Local Sites\nddbase\app\public\wp-content\themes\twentytwentyone\assets\sass\04-elements\forms.scss", "SCSS", 0, 0, 0, 0, 265, 0, 0, 12, 53, 330
"c:\Users\pvmat\Local Sites\nddbase\app\public\wp-content\themes\twentytwentyone\assets\sass\04-elements\links.scss", "SCSS", 0, 0, 0, 0, 51, 0, 0, 12, 15, 78
"c:\Users\pvmat\Local Sites\nddbase\app\public\wp-content\themes\twentytwentyone\assets\sass\04-elements\media.scss", "SCSS", 0, 0, 0, 0, 37, 0, 0, 4, 6, 47
"c:\Users\pvmat\Local Sites\nddbase\app\public\wp-content\themes\twentytwentyone\assets\sass\04-elements\misc.scss", "SCSS", 0, 0, 0, 0, 14, 0, 0, 1, 3, 18
"c:\Users\pvmat\Local Sites\nddbase\app\public\wp-content\themes\twentytwentyone\assets\sass\05-blocks\_config.scss", "SCSS", 0, 0, 0, 0, 2, 0, 0, 3, 3, 8
"c:\Users\pvmat\Local Sites\nddbase\app\public\wp-content\themes\twentytwentyone\assets\sass\05-blocks\audio\_style.scss", "SCSS", 0, 0, 0, 0, 6, 0, 0, 0, 2, 8
"c:\Users\pvmat\Local Sites\nddbase\app\public\wp-content\themes\twentytwentyone\assets\sass\05-blocks\blocks-editor.scss", "SCSS", 0, 0, 0, 0, 30, 0, 0, 5, 2, 37
"c:\Users\pvmat\Local Sites\nddbase\app\public\wp-content\themes\twentytwentyone\assets\sass\05-blocks\blocks.scss", "SCSS", 0, 0, 0, 0, 32, 0, 0, 5, 2, 39
"c:\Users\pvmat\Local Sites\nddbase\app\public\wp-content\themes\twentytwentyone\assets\sass\05-blocks\button\_editor.scss", "SCSS", 0, 0, 0, 0, 91, 0, 0, 22, 29, 142
"c:\Users\pvmat\Local Sites\nddbase\app\public\wp-content\themes\twentytwentyone\assets\sass\05-blocks\button\_style.scss", "SCSS", 0, 0, 0, 0, 80, 0, 0, 20, 23, 123
"c:\Users\pvmat\Local Sites\nddbase\app\public\wp-content\themes\twentytwentyone\assets\sass\05-blocks\code\_editor.scss", "SCSS", 0, 0, 0, 0, 12, 0, 0, 0, 2, 14
"c:\Users\pvmat\Local Sites\nddbase\app\public\wp-content\themes\twentytwentyone\assets\sass\05-blocks\code\_style.scss", "SCSS", 0, 0, 0, 0, 13, 0, 0, 0, 2, 15
"c:\Users\pvmat\Local Sites\nddbase\app\public\wp-content\themes\twentytwentyone\assets\sass\05-blocks\columns\_editor.scss", "SCSS", 0, 0, 0, 0, 53, 0, 0, 3, 13, 69
"c:\Users\pvmat\Local Sites\nddbase\app\public\wp-content\themes\twentytwentyone\assets\sass\05-blocks\columns\_style.scss", "SCSS", 0, 0, 0, 0, 81, 0, 0, 2, 23, 106
"c:\Users\pvmat\Local Sites\nddbase\app\public\wp-content\themes\twentytwentyone\assets\sass\05-blocks\cover\_editor.scss", "SCSS", 0, 0, 0, 0, 58, 0, 0, 4, 16, 78
"c:\Users\pvmat\Local Sites\nddbase\app\public\wp-content\themes\twentytwentyone\assets\sass\05-blocks\cover\_style.scss", "SCSS", 0, 0, 0, 0, 89, 0, 0, 4, 24, 117
"c:\Users\pvmat\Local Sites\nddbase\app\public\wp-content\themes\twentytwentyone\assets\sass\05-blocks\file\_editor.scss", "SCSS", 0, 0, 0, 0, 19, 0, 0, 2, 5, 26
"c:\Users\pvmat\Local Sites\nddbase\app\public\wp-content\themes\twentytwentyone\assets\sass\05-blocks\file\_style.scss", "SCSS", 0, 0, 0, 0, 10, 0, 0, 1, 3, 14
"c:\Users\pvmat\Local Sites\nddbase\app\public\wp-content\themes\twentytwentyone\assets\sass\05-blocks\gallery\_editor.scss", "SCSS", 0, 0, 0, 0, 8, 0, 0, 0, 3, 11
"c:\Users\pvmat\Local Sites\nddbase\app\public\wp-content\themes\twentytwentyone\assets\sass\05-blocks\gallery\_style.scss", "SCSS", 0, 0, 0, 0, 23, 0, 0, 2, 9, 34
"c:\Users\pvmat\Local Sites\nddbase\app\public\wp-content\themes\twentytwentyone\assets\sass\05-blocks\group\_editor.scss", "SCSS", 0, 0, 0, 0, 32, 0, 0, 5, 9, 46
"c:\Users\pvmat\Local Sites\nddbase\app\public\wp-content\themes\twentytwentyone\assets\sass\05-blocks\group\_style.scss", "SCSS", 0, 0, 0, 0, 51, 0, 0, 6, 14, 71
"c:\Users\pvmat\Local Sites\nddbase\app\public\wp-content\themes\twentytwentyone\assets\sass\05-blocks\heading\_editor.scss", "SCSS", 0, 0, 0, 0, 73, 0, 0, 0, 9, 82
"c:\Users\pvmat\Local Sites\nddbase\app\public\wp-content\themes\twentytwentyone\assets\sass\05-blocks\heading\_style.scss", "SCSS", 0, 0, 0, 0, 58, 0, 0, 0, 8, 66
"c:\Users\pvmat\Local Sites\nddbase\app\public\wp-content\themes\twentytwentyone\assets\sass\05-blocks\html\_editor.scss", "SCSS", 0, 0, 0, 0, 5, 0, 0, 1, 1, 7
"c:\Users\pvmat\Local Sites\nddbase\app\public\wp-content\themes\twentytwentyone\assets\sass\05-blocks\image\_editor.scss", "SCSS", 0, 0, 0, 0, 13, 0, 0, 2, 6, 21
"c:\Users\pvmat\Local Sites\nddbase\app\public\wp-content\themes\twentytwentyone\assets\sass\05-blocks\image\_style.scss", "SCSS", 0, 0, 0, 0, 49, 0, 0, 3, 12, 64
"c:\Users\pvmat\Local Sites\nddbase\app\public\wp-content\themes\twentytwentyone\assets\sass\05-blocks\latest-comments\_editor.scss", "SCSS", 0, 0, 0, 0, 3, 0, 0, 0, 1, 4
"c:\Users\pvmat\Local Sites\nddbase\app\public\wp-content\themes\twentytwentyone\assets\sass\05-blocks\latest-comments\_style.scss", "SCSS", 0, 0, 0, 0, 27, 0, 0, 1, 8, 36
"c:\Users\pvmat\Local Sites\nddbase\app\public\wp-content\themes\twentytwentyone\assets\sass\05-blocks\latest-posts\_editor.scss", "SCSS", 0, 0, 0, 0, 110, 0, 0, 9, 26, 145
"c:\Users\pvmat\Local Sites\nddbase\app\public\wp-content\themes\twentytwentyone\assets\sass\05-blocks\latest-posts\_style.scss", "SCSS", 0, 0, 0, 0, 138, 0, 0, 11, 31, 180
"c:\Users\pvmat\Local Sites\nddbase\app\public\wp-content\themes\twentytwentyone\assets\sass\05-blocks\legacy\_editor.scss", "SCSS", 0, 0, 0, 0, 33, 0, 0, 0, 10, 43
"c:\Users\pvmat\Local Sites\nddbase\app\public\wp-content\themes\twentytwentyone\assets\sass\05-blocks\legacy\_style.scss", "SCSS", 0, 0, 0, 0, 42, 0, 0, 1, 13, 56
"c:\Users\pvmat\Local Sites\nddbase\app\public\wp-content\themes\twentytwentyone\assets\sass\05-blocks\list\_editor.scss", "SCSS", 0, 0, 0, 0, 26, 0, 0, 1, 6, 33
"c:\Users\pvmat\Local Sites\nddbase\app\public\wp-content\themes\twentytwentyone\assets\sass\05-blocks\list\_style.scss", "SCSS", 0, 0, 0, 0, 35, 0, 0, 1, 9, 45
"c:\Users\pvmat\Local Sites\nddbase\app\public\wp-content\themes\twentytwentyone\assets\sass\05-blocks\media-text\_editor.scss", "SCSS", 0, 0, 0, 0, 13, 0, 0, 1, 5, 19
"c:\Users\pvmat\Local Sites\nddbase\app\public\wp-content\themes\twentytwentyone\assets\sass\05-blocks\media-text\_style.scss", "SCSS", 0, 0, 0, 0, 38, 0, 0, 4, 12, 54
"c:\Users\pvmat\Local Sites\nddbase\app\public\wp-content\themes\twentytwentyone\assets\sass\05-blocks\navigation\_editor.scss", "SCSS", 0, 0, 0, 0, 34, 0, 0, 0, 12, 46
"c:\Users\pvmat\Local Sites\nddbase\app\public\wp-content\themes\twentytwentyone\assets\sass\05-blocks\navigation\_style.scss", "SCSS", 0, 0, 0, 0, 101, 0, 0, 1, 27, 129
"c:\Users\pvmat\Local Sites\nddbase\app\public\wp-content\themes\twentytwentyone\assets\sass\05-blocks\paragraph\_editor.scss", "SCSS", 0, 0, 0, 0, 6, 0, 0, 0, 2, 8
"c:\Users\pvmat\Local Sites\nddbase\app\public\wp-content\themes\twentytwentyone\assets\sass\05-blocks\paragraph\_style.scss", "SCSS", 0, 0, 0, 0, 9, 0, 0, 2, 4, 15
"c:\Users\pvmat\Local Sites\nddbase\app\public\wp-content\themes\twentytwentyone\assets\sass\05-blocks\preformatted\_editor.scss", "SCSS", 0, 0, 0, 0, 5, 0, 0, 0, 2, 7
"c:\Users\pvmat\Local Sites\nddbase\app\public\wp-content\themes\twentytwentyone\assets\sass\05-blocks\preformatted\_style.scss", "SCSS", 0, 0, 0, 0, 4, 0, 0, 0, 1, 5
"c:\Users\pvmat\Local Sites\nddbase\app\public\wp-content\themes\twentytwentyone\assets\sass\05-blocks\pullquote\_editor.scss", "SCSS", 0, 0, 0, 0, 87, 0, 0, 1, 19, 107
"c:\Users\pvmat\Local Sites\nddbase\app\public\wp-content\themes\twentytwentyone\assets\sass\05-blocks\pullquote\_style.scss", "SCSS", 0, 0, 0, 0, 90, 0, 0, 3, 18, 111
"c:\Users\pvmat\Local Sites\nddbase\app\public\wp-content\themes\twentytwentyone\assets\sass\05-blocks\query-loop\_editor.scss", "SCSS", 0, 0, 0, 0, 8, 0, 0, 0, 3, 11
"c:\Users\pvmat\Local Sites\nddbase\app\public\wp-content\themes\twentytwentyone\assets\sass\05-blocks\query-loop\_style.scss", "SCSS", 0, 0, 0, 0, 8, 0, 0, 0, 3, 11
"c:\Users\pvmat\Local Sites\nddbase\app\public\wp-content\themes\twentytwentyone\assets\sass\05-blocks\quote\_editor.scss", "SCSS", 0, 0, 0, 0, 117, 0, 0, 5, 29, 151
"c:\Users\pvmat\Local Sites\nddbase\app\public\wp-content\themes\twentytwentyone\assets\sass\05-blocks\quote\_style.scss", "SCSS", 0, 0, 0, 0, 105, 0, 0, 8, 26, 139
"c:\Users\pvmat\Local Sites\nddbase\app\public\wp-content\themes\twentytwentyone\assets\sass\05-blocks\rss\_editor.scss", "SCSS", 0, 0, 0, 0, 84, 0, 0, 7, 19, 110
"c:\Users\pvmat\Local Sites\nddbase\app\public\wp-content\themes\twentytwentyone\assets\sass\05-blocks\rss\_style.scss", "SCSS", 0, 0, 0, 0, 84, 0, 0, 7, 19, 110
"c:\Users\pvmat\Local Sites\nddbase\app\public\wp-content\themes\twentytwentyone\assets\sass\05-blocks\search\_editor.scss", "SCSS", 0, 0, 0, 0, 88, 0, 0, 3, 24, 115
"c:\Users\pvmat\Local Sites\nddbase\app\public\wp-content\themes\twentytwentyone\assets\sass\05-blocks\search\_style.scss", "SCSS", 0, 0, 0, 0, 91, 0, 0, 2, 24, 117
"c:\Users\pvmat\Local Sites\nddbase\app\public\wp-content\themes\twentytwentyone\assets\sass\05-blocks\separator\_editor.scss", "SCSS", 0, 0, 0, 0, 39, 0, 0, 0, 10, 49
"c:\Users\pvmat\Local Sites\nddbase\app\public\wp-content\themes\twentytwentyone\assets\sass\05-blocks\separator\_style.scss", "SCSS", 0, 0, 0, 0, 46, 0, 0, 3, 12, 61
"c:\Users\pvmat\Local Sites\nddbase\app\public\wp-content\themes\twentytwentyone\assets\sass\05-blocks\social-icons\_editor.scss", "SCSS", 0, 0, 0, 0, 14, 0, 0, 1, 6, 21
"c:\Users\pvmat\Local Sites\nddbase\app\public\wp-content\themes\twentytwentyone\assets\sass\05-blocks\social-icons\_style.scss", "SCSS", 0, 0, 0, 0, 14, 0, 0, 0, 6, 20
"c:\Users\pvmat\Local Sites\nddbase\app\public\wp-content\themes\twentytwentyone\assets\sass\05-blocks\spacer\_style.scss", "SCSS", 0, 0, 0, 0, 10, 0, 0, 1, 3, 14
"c:\Users\pvmat\Local Sites\nddbase\app\public\wp-content\themes\twentytwentyone\assets\sass\05-blocks\table\_editor.scss", "SCSS", 0, 0, 0, 0, 72, 0, 0, 0, 18, 90
"c:\Users\pvmat\Local Sites\nddbase\app\public\wp-content\themes\twentytwentyone\assets\sass\05-blocks\table\_style.scss", "SCSS", 0, 0, 0, 0, 81, 0, 0, 0, 19, 100
"c:\Users\pvmat\Local Sites\nddbase\app\public\wp-content\themes\twentytwentyone\assets\sass\05-blocks\tag-clould\_editor.scss", "SCSS", 0, 0, 0, 0, 5, 0, 0, 0, 2, 7
"c:\Users\pvmat\Local Sites\nddbase\app\public\wp-content\themes\twentytwentyone\assets\sass\05-blocks\tag-clould\_style.scss", "SCSS", 0, 0, 0, 0, 6, 0, 0, 0, 2, 8
"c:\Users\pvmat\Local Sites\nddbase\app\public\wp-content\themes\twentytwentyone\assets\sass\05-blocks\utilities\_editor.scss", "SCSS", 0, 0, 0, 0, 100, 0, 0, 16, 25, 141
"c:\Users\pvmat\Local Sites\nddbase\app\public\wp-content\themes\twentytwentyone\assets\sass\05-blocks\utilities\_font-sizes.scss", "SCSS", 0, 0, 0, 0, 41, 0, 0, 3, 10, 54
"c:\Users\pvmat\Local Sites\nddbase\app\public\wp-content\themes\twentytwentyone\assets\sass\05-blocks\utilities\_style.scss", "SCSS", 0, 0, 0, 0, 97, 0, 0, 32, 32, 161
"c:\Users\pvmat\Local Sites\nddbase\app\public\wp-content\themes\twentytwentyone\assets\sass\05-blocks\verse\_editor.scss", "SCSS", 0, 0, 0, 0, 4, 0, 0, 0, 1, 5
"c:\Users\pvmat\Local Sites\nddbase\app\public\wp-content\themes\twentytwentyone\assets\sass\05-blocks\verse\_style.scss", "SCSS", 0, 0, 0, 0, 3, 0, 0, 0, 1, 4
"c:\Users\pvmat\Local Sites\nddbase\app\public\wp-content\themes\twentytwentyone\assets\sass\05-blocks\video\_style.scss", "SCSS", 0, 0, 0, 0, 14, 0, 0, 0, 3, 17
"c:\Users\pvmat\Local Sites\nddbase\app\public\wp-content\themes\twentytwentyone\assets\sass\06-components\404.scss", "SCSS", 0, 0, 0, 0, 4, 0, 0, 0, 1, 5
"c:\Users\pvmat\Local Sites\nddbase\app\public\wp-content\themes\twentytwentyone\assets\sass\06-components\archives.scss", "SCSS", 0, 0, 0, 0, 52, 0, 0, 0, 17, 69
"c:\Users\pvmat\Local Sites\nddbase\app\public\wp-content\themes\twentytwentyone\assets\sass\06-components\comments.scss", "SCSS", 0, 0, 0, 0, 215, 0, 0, 15, 63, 293
"c:\Users\pvmat\Local Sites\nddbase\app\public\wp-content\themes\twentytwentyone\assets\sass\06-components\editor.scss", "SCSS", 0, 0, 0, 0, 34, 0, 0, 4, 7, 45
"c:\Users\pvmat\Local Sites\nddbase\app\public\wp-content\themes\twentytwentyone\assets\sass\06-components\entry.scss", "SCSS", 0, 0, 0, 0, 155, 0, 0, 13, 43, 211
"c:\Users\pvmat\Local Sites\nddbase\app\public\wp-content\themes\twentytwentyone\assets\sass\06-components\footer-navigation.scss", "SCSS", 0, 0, 0, 0, 57, 0, 0, 2, 15, 74
"c:\Users\pvmat\Local Sites\nddbase\app\public\wp-content\themes\twentytwentyone\assets\sass\06-components\footer.scss", "SCSS", 0, 0, 0, 0, 56, 0, 0, 4, 15, 75
"c:\Users\pvmat\Local Sites\nddbase\app\public\wp-content\themes\twentytwentyone\assets\sass\06-components\header.scss", "SCSS", 0, 0, 0, 0, 153, 0, 0, 7, 43, 203
"c:\Users\pvmat\Local Sites\nddbase\app\public\wp-content\themes\twentytwentyone\assets\sass\06-components\navigation.scss", "SCSS", 0, 0, 0, 0, 394, 0, 0, 34, 103, 531
"c:\Users\pvmat\Local Sites\nddbase\app\public\wp-content\themes\twentytwentyone\assets\sass\06-components\pagination.scss", "SCSS", 0, 0, 0, 0, 186, 0, 0, 6, 52, 244
"c:\Users\pvmat\Local Sites\nddbase\app\public\wp-content\themes\twentytwentyone\assets\sass\06-components\posts-and-pages.scss", "SCSS", 0, 0, 0, 0, 18, 0, 0, 2, 5, 25
"c:\Users\pvmat\Local Sites\nddbase\app\public\wp-content\themes\twentytwentyone\assets\sass\06-components\search.scss", "SCSS", 0, 0, 0, 0, 3, 0, 0, 0, 1, 4
"c:\Users\pvmat\Local Sites\nddbase\app\public\wp-content\themes\twentytwentyone\assets\sass\06-components\single.scss", "SCSS", 0, 0, 0, 0, 15, 0, 0, 0, 3, 18
"c:\Users\pvmat\Local Sites\nddbase\app\public\wp-content\themes\twentytwentyone\assets\sass\06-components\widgets.scss", "SCSS", 0, 0, 0, 0, 126, 0, 0, 1, 31, 158
"c:\Users\pvmat\Local Sites\nddbase\app\public\wp-content\themes\twentytwentyone\assets\sass\07-utilities\a11y.scss", "SCSS", 0, 0, 0, 0, 43, 0, 0, 1, 5, 49
"c:\Users\pvmat\Local Sites\nddbase\app\public\wp-content\themes\twentytwentyone\assets\sass\07-utilities\color-palette.scss", "SCSS", 0, 0, 0, 0, 213, 0, 0, 28, 37, 278
"c:\Users\pvmat\Local Sites\nddbase\app\public\wp-content\themes\twentytwentyone\assets\sass\07-utilities\ie.scss", "SCSS", 0, 0, 0, 0, 44, 0, 0, 0, 10, 54
"c:\Users\pvmat\Local Sites\nddbase\app\public\wp-content\themes\twentytwentyone\assets\sass\07-utilities\measure.scss", "SCSS", 0, 0, 0, 0, 18, 0, 0, 2, 3, 23
"c:\Users\pvmat\Local Sites\nddbase\app\public\wp-content\themes\twentytwentyone\assets\sass\07-utilities\print.scss", "SCSS", 0, 0, 0, 0, 135, 0, 0, 19, 31, 185
"c:\Users\pvmat\Local Sites\nddbase\app\public\wp-content\themes\twentytwentyone\assets\sass\style-dark-mode.scss", "SCSS", 0, 0, 0, 0, 82, 0, 0, 2, 18, 102
"c:\Users\pvmat\Local Sites\nddbase\app\public\wp-content\themes\twentytwentyone\assets\sass\style-editor.scss", "SCSS", 0, 0, 0, 0, 12, 0, 0, 3, 7, 22
"c:\Users\pvmat\Local Sites\nddbase\app\public\wp-content\themes\twentytwentyone\assets\sass\style.scss", "SCSS", 0, 0, 0, 0, 33, 0, 0, 81, 9, 123
"c:\Users\pvmat\Local Sites\nddbase\app\public\wp-content\themes\twentytwentyone\classes\class-twenty-twenty-one-custom-colors.php", "PHP", 69, 0, 0, 0, 0, 0, 0, 74, 25, 168
"c:\Users\pvmat\Local Sites\nddbase\app\public\wp-content\themes\twentytwentyone\classes\class-twenty-twenty-one-customize-color-control.php", "PHP", 19, 0, 0, 0, 0, 0, 0, 45, 6, 70
"c:\Users\pvmat\Local Sites\nddbase\app\public\wp-content\themes\twentytwentyone\classes\class-twenty-twenty-one-customize-notice-control.php", "PHP", 14, 0, 0, 0, 0, 0, 0, 30, 3, 47
"c:\Users\pvmat\Local Sites\nddbase\app\public\wp-content\themes\twentytwentyone\classes\class-twenty-twenty-one-customize.php", "PHP", 100, 0, 0, 0, 0, 0, 0, 61, 20, 181
"c:\Users\pvmat\Local Sites\nddbase\app\public\wp-content\themes\twentytwentyone\classes\class-twenty-twenty-one-dark-mode.php", "PHP", 235, 0, 0, 0, 0, 0, 0, 111, 39, 385
"c:\Users\pvmat\Local Sites\nddbase\app\public\wp-content\themes\twentytwentyone\classes\class-twenty-twenty-one-svg-icons.php", "PHP", 130, 0, 0, 0, 0, 0, 0, 94, 18, 242
"c:\Users\pvmat\Local Sites\nddbase\app\public\wp-content\themes\twentytwentyone\comments.php", "PHP", 67, 0, 0, 0, 0, 0, 0, 18, 10, 95
"c:\Users\pvmat\Local Sites\nddbase\app\public\wp-content\themes\twentytwentyone\footer.php", "PHP", 54, 0, 0, 0, 0, 0, 0, 12, 9, 75
"c:\Users\pvmat\Local Sites\nddbase\app\public\wp-content\themes\twentytwentyone\functions.php", "PHP", 395, 0, 0, 0, 0, 0, 0, 182, 63, 640
"c:\Users\pvmat\Local Sites\nddbase\app\public\wp-content\themes\twentytwentyone\header.php", "PHP", 17, 0, 0, 0, 0, 0, 0, 11, 5, 33
"c:\Users\pvmat\Local Sites\nddbase\app\public\wp-content\themes\twentytwentyone\image.php", "PHP", 78, 0, 0, 0, 0, 0, 0, 24, 11, 113
"c:\Users\pvmat\Local Sites\nddbase\app\public\wp-content\themes\twentytwentyone\inc\back-compat.php", "PHP", 37, 0, 0, 0, 0, 0, 0, 51, 5, 93
"c:\Users\pvmat\Local Sites\nddbase\app\public\wp-content\themes\twentytwentyone\inc\block-patterns.php", "PHP", 86, 0, 0, 0, 0, 0, 0, 23, 12, 121
"c:\Users\pvmat\Local Sites\nddbase\app\public\wp-content\themes\twentytwentyone\inc\block-styles.php", "PHP", 76, 0, 0, 0, 0, 0, 0, 26, 11, 113
"c:\Users\pvmat\Local Sites\nddbase\app\public\wp-content\themes\twentytwentyone\inc\custom-css.php", "PHP", 11, 0, 0, 0, 0, 0, 0, 27, 5, 43
"c:\Users\pvmat\Local Sites\nddbase\app\public\wp-content\themes\twentytwentyone\inc\menu-functions.php", "PHP", 33, 0, 0, 0, 0, 0, 0, 57, 8, 98
"c:\Users\pvmat\Local Sites\nddbase\app\public\wp-content\themes\twentytwentyone\inc\starter-content.php", "PHP", 126, 0, 0, 0, 0, 0, 0, 31, 28, 185
"c:\Users\pvmat\Local Sites\nddbase\app\public\wp-content\themes\twentytwentyone\inc\template-functions.php", "PHP", 207, 0, 0, 0, 0, 0, 0, 201, 68, 476
"c:\Users\pvmat\Local Sites\nddbase\app\public\wp-content\themes\twentytwentyone\inc\template-tags.php", "PHP", 165, 0, 0, 0, 0, 0, 0, 66, 27, 258
"c:\Users\pvmat\Local Sites\nddbase\app\public\wp-content\themes\twentytwentyone\index.php", "PHP", 18, 0, 0, 0, 0, 0, 0, 17, 11, 46
"c:\Users\pvmat\Local Sites\nddbase\app\public\wp-content\themes\twentytwentyone\package-lock.json", "JSON", 0, 0, 5978, 0, 0, 0, 0, 0, 1, 5979
"c:\Users\pvmat\Local Sites\nddbase\app\public\wp-content\themes\twentytwentyone\package.json", "JSON", 0, 0, 59, 0, 0, 0, 0, 11, 0, 70
"c:\Users\pvmat\Local Sites\nddbase\app\public\wp-content\themes\twentytwentyone\page.php", "PHP", 10, 0, 0, 0, 0, 0, 0, 11, 5, 26
"c:\Users\pvmat\Local Sites\nddbase\app\public\wp-content\themes\twentytwentyone\postcss.config.js", "JavaScript", 0, 0, 0, 13, 0, 0, 0, 0, 1, 14
"c:\Users\pvmat\Local Sites\nddbase\app\public\wp-content\themes\twentytwentyone\search.php", "PHP", 39, 0, 0, 0, 0, 0, 0, 19, 8, 66
"c:\Users\pvmat\Local Sites\nddbase\app\public\wp-content\themes\twentytwentyone\searchform.php", "PHP", 9, 0, 0, 0, 0, 0, 0, 16, 3, 28
"c:\Users\pvmat\Local Sites\nddbase\app\public\wp-content\themes\twentytwentyone\single.php", "PHP", 27, 0, 0, 0, 0, 0, 0, 14, 10, 51
"c:\Users\pvmat\Local Sites\nddbase\app\public\wp-content\themes\twentytwentyone\style-rtl.css", "CSS", 0, 4527, 0, 0, 0, 0, 0, 437, 980, 5944
"c:\Users\pvmat\Local Sites\nddbase\app\public\wp-content\themes\twentytwentyone\style.css", "CSS", 0, 4527, 0, 0, 0, 0, 0, 455, 998, 5980
"c:\Users\pvmat\Local Sites\nddbase\app\public\wp-content\themes\twentytwentyone\template-parts\content\content-excerpt.php", "PHP", 11, 0, 0, 0, 0, 0, 0, 9, 6, 26
"c:\Users\pvmat\Local Sites\nddbase\app\public\wp-content\themes\twentytwentyone\template-parts\content\content-none.php", "PHP", 41, 0, 0, 0, 0, 0, 0, 11, 15, 67
"c:\Users\pvmat\Local Sites\nddbase\app\public\wp-content\themes\twentytwentyone\template-parts\content\content-page.php", "PHP", 40, 0, 0, 0, 0, 0, 0, 11, 7, 58
"c:\Users\pvmat\Local Sites\nddbase\app\public\wp-content\themes\twentytwentyone\template-parts\content\content-single.php", "PHP", 26, 0, 0, 0, 0, 0, 0, 10, 9, 45
"c:\Users\pvmat\Local Sites\nddbase\app\public\wp-content\themes\twentytwentyone\template-parts\content\content.php", "PHP", 29, 0, 0, 0, 0, 0, 0, 10, 8, 47
"c:\Users\pvmat\Local Sites\nddbase\app\public\wp-content\themes\twentytwentyone\template-parts\excerpt\excerpt-aside.php", "PHP", 2, 0, 0, 0, 0, 0, 0, 10, 2, 14
"c:\Users\pvmat\Local Sites\nddbase\app\public\wp-content\themes\twentytwentyone\template-parts\excerpt\excerpt-audio.php", "PHP", 8, 0, 0, 0, 0, 0, 0, 14, 2, 24
"c:\Users\pvmat\Local Sites\nddbase\app\public\wp-content\themes\twentytwentyone\template-parts\excerpt\excerpt-chat.php", "PHP", 6, 0, 0, 0, 0, 0, 0, 11, 4, 21
"c:\Users\pvmat\Local Sites\nddbase\app\public\wp-content\themes\twentytwentyone\template-parts\excerpt\excerpt-gallery.php", "PHP", 5, 0, 0, 0, 0, 0, 0, 10, 4, 19
"c:\Users\pvmat\Local Sites\nddbase\app\public\wp-content\themes\twentytwentyone\template-parts\excerpt\excerpt-image.php", "PHP", 8, 0, 0, 0, 0, 0, 0, 10, 4, 22
"c:\Users\pvmat\Local Sites\nddbase\app\public\wp-content\themes\twentytwentyone\template-parts\excerpt\excerpt-link.php", "PHP", 6, 0, 0, 0, 0, 0, 0, 10, 4, 20
"c:\Users\pvmat\Local Sites\nddbase\app\public\wp-content\themes\twentytwentyone\template-parts\excerpt\excerpt-quote.php", "PHP", 9, 0, 0, 0, 0, 0, 0, 10, 3, 22
"c:\Users\pvmat\Local Sites\nddbase\app\public\wp-content\themes\twentytwentyone\template-parts\excerpt\excerpt-status.php", "PHP", 2, 0, 0, 0, 0, 0, 0, 10, 2, 14
"c:\Users\pvmat\Local Sites\nddbase\app\public\wp-content\themes\twentytwentyone\template-parts\excerpt\excerpt-video.php", "PHP", 8, 0, 0, 0, 0, 0, 0, 14, 2, 24
"c:\Users\pvmat\Local Sites\nddbase\app\public\wp-content\themes\twentytwentyone\template-parts\excerpt\excerpt.php", "PHP", 2, 0, 0, 0, 0, 0, 0, 9, 2, 13
"c:\Users\pvmat\Local Sites\nddbase\app\public\wp-content\themes\twentytwentyone\template-parts\footer\footer-widgets.php", "PHP", 6, 0, 0, 0, 0, 0, 0, 7, 4, 17
"c:\Users\pvmat\Local Sites\nddbase\app\public\wp-content\themes\twentytwentyone\template-parts\header\entry-header.php", "PHP", 2, 0, 0, 0, 0, 0, 0, 7, 2, 11
"c:\Users\pvmat\Local Sites\nddbase\app\public\wp-content\themes\twentytwentyone\template-parts\header\excerpt-header.php", "PHP", 12, 0, 0, 0, 0, 0, 0, 8, 3, 23
"c:\Users\pvmat\Local Sites\nddbase\app\public\wp-content\themes\twentytwentyone\template-parts\header\site-branding.php", "PHP", 28, 0, 0, 0, 0, 0, 0, 7, 8, 43
"c:\Users\pvmat\Local Sites\nddbase\app\public\wp-content\themes\twentytwentyone\template-parts\header\site-header.php", "PHP", 10, 0, 0, 0, 0, 0, 0, 7, 5, 22
"c:\Users\pvmat\Local Sites\nddbase\app\public\wp-content\themes\twentytwentyone\template-parts\header\site-nav.php", "PHP", 27, 0, 0, 0, 0, 0, 0, 7, 3, 37
"c:\Users\pvmat\Local Sites\nddbase\app\public\wp-content\themes\twentytwentyone\template-parts\post\author-bio.php", "PHP", 28, 0, 0, 0, 0, 0, 0, 9, 2, 39
"Total", "-", 25573, 52154, 25599, 25213, 10515, 141, 6, 34305, 31127, 204633